BUSINESS_CODE,BUSINESS_NAME_L,BUSINESS_NAME_M,BUSINESS_NAME_S
1001001,スポーツ・趣味娯楽・レジャー,ゴルフ関連,ゴルフ教室
1001002,スポーツ・趣味娯楽・レジャー,ゴルフ関連,ゴルフ場
1001003,スポーツ・趣味娯楽・レジャー,ゴルフ関連,ゴルフ練習場
1001999,スポーツ・趣味娯楽・レジャー,ゴルフ関連,ゴルフ関連
1002001,スポーツ・趣味娯楽・レジャー,テニス関連,オートテニス練習場
1002002,スポーツ・趣味娯楽・レジャー,テニス関連,テニスコート
1002003,スポーツ・趣味娯楽・レジャー,テニス関連,テニス教室
1002999,スポーツ・趣味娯楽・レジャー,テニス関連,テニス関連
1003001,スポーツ・趣味娯楽・レジャー,スポーツ施設関連,スキー・スノーボード場
1003007,スポーツ・趣味娯楽・レジャー,スポーツ施設関連,ビーチ
1003009,スポーツ・趣味娯楽・レジャー,スポーツ施設関連,マリーナ業
1003011,スポーツ・趣味娯楽・レジャー,スポーツ施設関連,ビーチ・海水浴場関連
1003017,スポーツ・趣味娯楽・レジャー,スポーツ施設関連,ウォータースポーツクラブ
1003020,スポーツ・趣味娯楽・レジャー,スポーツ施設関連,ゲートボールクラブ
1003025,スポーツ・趣味娯楽・レジャー,スポーツ施設関連,アウトドアスポーツクラブ
1003026,スポーツ・趣味娯楽・レジャー,スポーツ施設関連,スカイスポーツクラブ
1003028,スポーツ・趣味娯楽・レジャー,スポーツ施設関連,スノースポーツクラブ
1003030,スポーツ・趣味娯楽・レジャー,スポーツ施設関連,スポーツクラブ
1003041,スポーツ・趣味娯楽・レジャー,スポーツ施設関連,フィットネスクラブ
1003042,スポーツ・趣味娯楽・レジャー,スポーツ施設関連,スカイスポーツ
1003048,スポーツ・趣味娯楽・レジャー,スポーツ施設関連,サッカー場
1003049,スポーツ・趣味娯楽・レジャー,スポーツ施設関連,スケート場
1003051,スポーツ・趣味娯楽・レジャー,スポーツ施設関連,オートレース場
1003053,スポーツ・趣味娯楽・レジャー,スポーツ施設関連,陸上競技場
1003054,スポーツ・趣味娯楽・レジャー,スポーツ施設関連,野球場
1003061,スポーツ・趣味娯楽・レジャー,スポーツ施設関連,スポーツ施設提供業
1003069,スポーツ・趣味娯楽・レジャー,スポーツ施設関連,プール
1003072,スポーツ・趣味娯楽・レジャー,スポーツ施設関連,武道館
1003073,スポーツ・趣味娯楽・レジャー,スポーツ施設関連,体育館
1003074,スポーツ・趣味娯楽・レジャー,スポーツ施設関連,スポーツ施設運営管理業
1003999,スポーツ・趣味娯楽・レジャー,スポーツ施設関連,スポーツ施設関連
1004001,スポーツ・趣味娯楽・レジャー,ゲームセンター,ゲームセンター
1004999,スポーツ・趣味娯楽・レジャー,ゲームセンター,ゲームセンター関連
1005002,スポーツ・趣味娯楽・レジャー,パチンコ店,パチンコ・スロット店
1005999,スポーツ・趣味娯楽・レジャー,パチンコ店,パチンコ店関連
1006002,スポーツ・趣味娯楽・レジャー,映画館・劇場,映画館
1006003,スポーツ・趣味娯楽・レジャー,映画館・劇場,寄席・演芸場
1006004,スポーツ・趣味娯楽・レジャー,映画館・劇場,演劇場
1006006,スポーツ・趣味娯楽・レジャー,映画館・劇場,歌舞伎場
1006007,スポーツ・趣味娯楽・レジャー,映画館・劇場,劇場
1006009,スポーツ・趣味娯楽・レジャー,映画館・劇場,能楽堂
1006999,スポーツ・趣味娯楽・レジャー,映画館・劇場,映画館・劇場関連
1007001,スポーツ・趣味娯楽・レジャー,公営競技（競輪・競馬・競艇・オートレース）,競艇場
1007003,スポーツ・趣味娯楽・レジャー,公営競技（競輪・競馬・競艇・オートレース）,競馬場
1007008,スポーツ・趣味娯楽・レジャー,公営競技（競輪・競馬・競艇・オートレース）,競輪場
1007013,スポーツ・趣味娯楽・レジャー,公営競技（競輪・競馬・競艇・オートレース）,場外馬券・車券売場
1007999,スポーツ・趣味娯楽・レジャー,公営競技（競輪・競馬・競艇・オートレース）,競輪・競馬・競艇・オートレース関連
1008001,スポーツ・趣味娯楽・レジャー,カラオケボックス,カラオケボックス
1008999,スポーツ・趣味娯楽・レジャー,カラオケボックス,カラオケボックス関連
1009001,スポーツ・趣味娯楽・レジャー,アミューズメント施設,アミューズメントパーク
1009999,スポーツ・趣味娯楽・レジャー,アミューズメント施設,アミューズメント施設関連
0101001,官公庁・団体・福祉,国政機関,家庭裁判所
0101002,官公庁・団体・福祉,国政機関,会計検査院
0101003,官公庁・団体・福祉,国政機関,外務省
0101004,官公庁・団体・福祉,国政機関,環境省
0101005,官公庁・団体・福祉,国政機関,簡易裁判所
0101006,官公庁・団体・福祉,国政機関,気象庁
0101007,官公庁・団体・福祉,国政機関,経済産業省
0101008,官公庁・団体・福祉,国政機関,検察庁
0101009,官公庁・団体・福祉,国政機関,公正取引委員会
0101010,官公庁・団体・福祉,国政機関,公団
0101011,官公庁・団体・福祉,国政機関,厚生労働省
0101012,官公庁・団体・福祉,国政機関,高等裁判所
0101013,官公庁・団体・福祉,国政機関,国会
0101014,官公庁・団体・福祉,国政機関,国税庁
0101015,官公庁・団体・福祉,国政機関,国土交通省
0101016,官公庁・団体・福祉,国政機関,裁判所
0101017,官公庁・団体・福祉,国政機関,財務省
0101018,官公庁・団体・福祉,国政機関,社会保険事務所
0101019,官公庁・団体・福祉,国政機関,職業安定所
0101020,官公庁・団体・福祉,国政機関,青少年教育施設
0101021,官公庁・団体・福祉,国政機関,総務省
0101022,官公庁・団体・福祉,国政機関,地方裁判所
0101023,官公庁・団体・福祉,国政機関,内閣
0101024,官公庁・団体・福祉,国政機関,内閣府
0101025,官公庁・団体・福祉,国政機関,農林水産省
0101026,官公庁・団体・福祉,国政機関,文部科学省
0101027,官公庁・団体・福祉,国政機関,法務省
0101999,官公庁・団体・福祉,国政機関,国政機関関連
1010001,スポーツ・趣味娯楽・レジャー,ペット,アニマルセラピーサービス
1010002,スポーツ・趣味娯楽・レジャー,ペット,ブリーダー
1010003,スポーツ・趣味娯楽・レジャー,ペット,ペット預かり業
1010007,スポーツ・趣味娯楽・レジャー,ペット,ペットショップ
1010008,スポーツ・趣味娯楽・レジャー,ペット,ペットホテル業
1010009,スポーツ・趣味娯楽・レジャー,ペット,ペット関連サービス業
1010012,スポーツ・趣味娯楽・レジャー,ペット,ペット美容室・ショップ
1010017,スポーツ・趣味娯楽・レジャー,ペット,ペット霊園・葬儀葬祭
1010999,スポーツ・趣味娯楽・レジャー,ペット,ペット関連
1011001,スポーツ・趣味娯楽・レジャー,プレイガイド,プレイガイド
1011999,スポーツ・趣味娯楽・レジャー,プレイガイド,プレイガイド関連
1012003,スポーツ・趣味娯楽・レジャー,趣味娯楽施設関連,ダンスホール
1012004,スポーツ・趣味娯楽・レジャー,趣味娯楽施設関連,ダーツ場
1012005,スポーツ・趣味娯楽・レジャー,趣味娯楽施設関連,ビリヤード場
1012999,スポーツ・趣味娯楽・レジャー,趣味娯楽施設関連,趣味娯楽施設関連
1013002,スポーツ・趣味娯楽・レジャー,遊園地・テーマパーク,遊園地
1013004,スポーツ・趣味娯楽・レジャー,遊園地・テーマパーク,テーマパーク
1013007,スポーツ・趣味娯楽・レジャー,遊園地・テーマパーク,フィールドアスレチック
1013999,スポーツ・趣味娯楽・レジャー,遊園地・テーマパーク,遊園地・テーマパーク関連
1014001,スポーツ・趣味娯楽・レジャー,公園・庭園,公園
1014002,スポーツ・趣味娯楽・レジャー,公園・庭園,国定公園
1014003,スポーツ・趣味娯楽・レジャー,公園・庭園,国立公園
1014007,スポーツ・趣味娯楽・レジャー,公園・庭園,庭園
1014999,スポーツ・趣味娯楽・レジャー,公園・庭園,公園・庭園関連
1015002,スポーツ・趣味娯楽・レジャー,レジャー施設関連,ライブハウス
1015004,スポーツ・趣味娯楽・レジャー,レジャー施設関連,ディスコ
1015007,スポーツ・趣味娯楽・レジャー,レジャー施設関連,釣り堀り・管理釣り場
1015010,スポーツ・趣味娯楽・レジャー,レジャー施設関連,キャンプ場
1015011,スポーツ・趣味娯楽・レジャー,レジャー施設関連,釣船業
1015999,スポーツ・趣味娯楽・レジャー,レジャー施設関連,レジャー施設関連
0102001,官公庁・団体・福祉,都道府県機関,県民相談センター
0102002,官公庁・団体・福祉,都道府県機関,都道府県機関
0102003,官公庁・団体・福祉,都道府県機関,都道府県事務所
0102004,官公庁・団体・福祉,都道府県機関,都道府県庁
0102005,官公庁・団体・福祉,都道府県機関,福祉施設・事務所
0102999,官公庁・団体・福祉,都道府県機関,都道府県機関関連
0103001,官公庁・団体・福祉,市区町村機関,区役所
0103002,官公庁・団体・福祉,市区町村機関,市区町村機関
0103003,官公庁・団体・福祉,市区町村機関,市民相談センター
0103004,官公庁・団体・福祉,市区町村機関,市役所
0103005,官公庁・団体・福祉,市区町村機関,町村役場
0103999,官公庁・団体・福祉,市区町村機関,市区町村機関関連
0104001,官公庁・団体・福祉,郵便事業,郵便局
0104999,官公庁・団体・福祉,郵便事業,郵便事業関連
0105001,官公庁・団体・福祉,警察機関,警察機関
0105999,官公庁・団体・福祉,警察機関,警察機関関連
0106001,官公庁・団体・福祉,消防機関,消防機関
0106999,官公庁・団体・福祉,消防機関,消防機関関連
0107001,官公庁・団体・福祉,大使館・領事館,外国公館
0107002,官公庁・団体・福祉,大使館・領事館,総領事館
0107003,官公庁・団体・福祉,大使館・領事館,大使館
0107999,官公庁・団体・福祉,大使館・領事館,大使・公館関連
0108001,官公庁・団体・福祉,公団・事業団・公庫,宇宙開発事業
0108002,官公庁・団体・福祉,公団・事業団・公庫,金融公庫
0108003,官公庁・団体・福祉,公団・事業団・公庫,公団・事業団・公庫
0108004,官公庁・団体・福祉,公団・事業団・公庫,厚生年金基金
0108005,官公庁・団体・福祉,公団・事業団・公庫,国民年金基金
0108006,官公庁・団体・福祉,公団・事業団・公庫,住宅金融公庫
0108007,官公庁・団体・福祉,公団・事業団・公庫,住宅公団
0108008,官公庁・団体・福祉,公団・事業団・公庫,労働保険事務組合
0108999,官公庁・団体・福祉,公団・事業団・公庫,公団・事業団・公庫関連
0109001,官公庁・団体・福祉,宗教関連,キリスト教教会
0109002,官公庁・団体・福祉,宗教関連,寺院
0109003,官公庁・団体・福祉,宗教関連,その他教会
0109004,官公庁・団体・福祉,宗教関連,神社
0109005,官公庁・団体・福祉,宗教関連,神道教会
0109006,官公庁・団体・福祉,宗教関連,仏教教会
0109999,官公庁・団体・福祉,宗教関連,宗教関連
0110001,官公庁・団体・福祉,農業協同組合,農業協同組合
0110999,官公庁・団体・福祉,農業協同組合,農業協同組合関連
1101007,自動車・オートバイ・自転車・ドライブ,自動車・バイク・自転車販売,オートバイ買取・販売・修理業
1101009,自動車・オートバイ・自転車・ドライブ,自動車・バイク・自転車販売,オートバイ販売業
1101012,自動車・オートバイ・自転車・ドライブ,自動車・バイク・自転車販売,オートバイ販売・整備業
1101014,自動車・オートバイ・自転車・ドライブ,自動車・バイク・自転車販売,オートバイ部分品小売業
1101016,自動車・オートバイ・自転車・ドライブ,自動車・バイク・自転車販売,キャンピングカー販売・修理業
1101027,自動車・オートバイ・自転車・ドライブ,自動車・バイク・自転車販売,自転車販売業
1101035,自動車・オートバイ・自転車・ドライブ,自動車・バイク・自転車販売,自動車整備用機械工具販売業
1101037,自動車・オートバイ・自転車・ドライブ,自動車・バイク・自転車販売,自動車販売業
1101038,自動車・オートバイ・自転車・ドライブ,自動車・バイク・自転車販売,自転車小売業
1101040,自動車・オートバイ・自転車・ドライブ,自動車・バイク・自転車販売,自動車販売・整備業
1101041,自動車・オートバイ・自転車・ドライブ,自動車・バイク・自転車販売,自動車販売・自動車部分品販売業
1101043,自動車・オートバイ・自転車・ドライブ,自動車・バイク・自転車販売,自動車（新車）・中古自動車販売業
1101044,自動車・オートバイ・自転車・ドライブ,自動車・バイク・自転車販売,自動車販売業（大型車）
1101999,自動車・オートバイ・自転車・ドライブ,自動車・バイク・自転車販売,自動車・バイク・自転車販売業関連
1102001,自動車・オートバイ・自転車・ドライブ,中古車販売,オートバイ整備・修理・中古オートバイ販売業
1102002,自動車・オートバイ・自転車・ドライブ,中古車販売,オートバイ部分品・中古自動車販売業
1102003,自動車・オートバイ・自転車・ドライブ,中古車販売,国産車・中古車買取業
1102004,自動車・オートバイ・自転車・ドライブ,中古車販売,自動車整備・中古車買取業
1102005,自動車・オートバイ・自転車・ドライブ,中古車販売,中古オートバイ販売業
1102015,自動車・オートバイ・自転車・ドライブ,中古車販売,中古自転車販売業
1102019,自動車・オートバイ・自転車・ドライブ,中古車販売,中古車買取・販売業
1102022,自動車・オートバイ・自転車・ドライブ,中古車販売,中古車販売・自動車整備業
1102023,自動車・オートバイ・自転車・ドライブ,中古車販売,中古車・自動車販売業
1102999,自動車・オートバイ・自転車・ドライブ,中古車販売,中古車販売業関連
1103001,自動車・オートバイ・自転車・ドライブ,カー用品・部品販売,オートバイ用部分品・修理・販売業
1103006,自動車・オートバイ・自転車・ドライブ,カー用品・部品販売,自動車中古部品販売業
1103007,自動車・オートバイ・自転車・ドライブ,カー用品・部品販売,カーアクセサリー販売業
1103008,自動車・オートバイ・自転車・ドライブ,カー用品・部品販売,自動車部分品・付属品卸売業
1103012,自動車・オートバイ・自転車・ドライブ,カー用品・部品販売,中古自動車卸売業
1103999,自動車・オートバイ・自転車・ドライブ,カー用品・部品販売,カー用品・部品販売業関連
1104001,自動車・オートバイ・自転車・ドライブ,自動車修理・整備,カーフィルム施工業
1104002,自動車・オートバイ・自転車・ドライブ,自動車修理・整備,ポリマー加工業
1104003,自動車・オートバイ・自転車・ドライブ,自動車修理・整備,キャンピングカー修理業
1104004,自動車・オートバイ・自転車・ドライブ,自動車修理・整備,レーシングカー整備業
1104007,自動車・オートバイ・自転車・ドライブ,自動車修理・整備,自転車修理・整備業
1104012,自動車・オートバイ・自転車・ドライブ,自動車修理・整備,自動車修理・整備業
1104013,自動車・オートバイ・自転車・ドライブ,自動車修理・整備,自動車修理・清掃業
1104015,自動車・オートバイ・自転車・ドライブ,自動車修理・整備,自動車整備・自転車販売業
1104016,自動車・オートバイ・自転車・ドライブ,自動車修理・整備,自動車整備・解体業
1104017,自動車・オートバイ・自転車・ドライブ,自動車修理・整備,自動車整備・鈑金・塗装業
1104018,自動車・オートバイ・自転車・ドライブ,自動車修理・整備,自動車中古部品・整備業
1104020,自動車・オートバイ・自転車・ドライブ,自動車修理・整備,自動車電装品修理業
1104023,自動車・オートバイ・自転車・ドライブ,自動車修理・整備,自動車内装業
1104027,自動車・オートバイ・自転車・ドライブ,自動車修理・整備,中古車買取・鈑金・塗装業
1104028,自動車・オートバイ・自転車・ドライブ,自動車修理・整備,自動車整備業
1104999,自動車・オートバイ・自転車・ドライブ,自動車修理・整備,自動車修理・整備関連
1105001,自動車・オートバイ・自転車・ドライブ,洗車・洗車場,自動車洗車業
1105999,自動車・オートバイ・自転車・ドライブ,洗車・洗車場,洗車・洗車場関連
1106003,自動車・オートバイ・自転車・ドライブ,パーキング・駐輪場,駐車場業
1106004,自動車・オートバイ・自転車・ドライブ,パーキング・駐輪場,駐輪場業
1106999,自動車・オートバイ・自転車・ドライブ,パーキング・駐輪場,駐車場・駐輪場関連
1107001,自動車・オートバイ・自転車・ドライブ,ガソリンスタンド,液化石油ガス（ＬＰＧ）スタンド
1107003,自動車・オートバイ・自転車・ドライブ,ガソリンスタンド,ガソリンスタンド
1107999,自動車・オートバイ・自転車・ドライブ,ガソリンスタンド,ガソリンスタンド関連
1108001,自動車・オートバイ・自転車・ドライブ,代行サービス,車検代行サービス業
1108002,自動車・オートバイ・自転車・ドライブ,代行サービス,中古車買取車検代行サービス業
1108003,自動車・オートバイ・自転車・ドライブ,代行サービス,運転代行サービス業
1108999,自動車・オートバイ・自転車・ドライブ,代行サービス,代行サービス業関連
1109001,自動車・オートバイ・自転車・ドライブ,自動車教習所,自動車教習所
1109999,自動車・オートバイ・自転車・ドライブ,自動車教習所,自動車教習所関連
0111001,官公庁・団体・福祉,生活協同組合,生活協同組合
0111999,官公庁・団体・福祉,生活協同組合,生活協同組合関連
1110001,自動車・オートバイ・自転車・ドライブ,レンタカー,カーリース業
1110002,自動車・オートバイ・自転車・ドライブ,レンタカー,レンタカー業
1110003,自動車・オートバイ・自転車・ドライブ,レンタカー,レンタルバイク業
1110999,自動車・オートバイ・自転車・ドライブ,レンタカー,レンタカー関連
1111001,自動車・オートバイ・自転車・ドライブ,ロードサービス,レッカー車サービス業
1111002,自動車・オートバイ・自転車・ドライブ,ロードサービス,自動車ロードサービス業
1111999,自動車・オートバイ・自転車・ドライブ,ロードサービス,ロードサービス業関連
1112002,自動車・オートバイ・自転車・ドライブ,自動車・オートバイ・自転車・ドライブ関連,モータースポーツショップ
1112003,自動車・オートバイ・自転車・ドライブ,自動車・オートバイ・自転車・ドライブ関連,カート場
1112004,自動車・オートバイ・自転車・ドライブ,自動車・オートバイ・自転車・ドライブ関連,サーキット場
1112005,自動車・オートバイ・自転車・ドライブ,自動車・オートバイ・自転車・ドライブ関連,スポーツカートクラブ
1112006,自動車・オートバイ・自転車・ドライブ,自動車・オートバイ・自転車・ドライブ関連,ダートコース場
1112007,自動車・オートバイ・自転車・ドライブ,自動車・オートバイ・自転車・ドライブ関連,オートバイ卸売業
1112008,自動車・オートバイ・自転車・ドライブ,自動車・オートバイ・自転車・ドライブ関連,オートバイ製造・卸オートバイ買取業
1112010,自動車・オートバイ・自転車・ドライブ,自動車・オートバイ・自転車・ドライブ関連,オートバイ販売・修理業
1112011,自動車・オートバイ・自転車・ドライブ,自動車・オートバイ・自転車・ドライブ関連,オートバイ部品・用品関連卸売業
1112013,自動車・オートバイ・自転車・ドライブ,自動車・オートバイ・自転車・ドライブ関連,カーディテイリングショップ
1112014,自動車・オートバイ・自転車・ドライブ,自動車・オートバイ・自転車・ドライブ関連,フォークリフト整備業
1112016,自動車・オートバイ・自転車・ドライブ,自動車・オートバイ・自転車・ドライブ関連,自転車部分品関連卸売業
1112999,自動車・オートバイ・自転車・ドライブ,自動車・オートバイ・自転車・ドライブ関連,自動車・オートバイ・自転車・ドライブ関連
0112001,官公庁・団体・福祉,漁業協同組合,漁業協同組合
0112999,官公庁・団体・福祉,漁業協同組合,漁業協同組合関連
0113001,官公庁・団体・福祉,組合・団体関連,ＮＰＯ
0113003,官公庁・団体・福祉,組合・団体関連,リハビリテーション科医療組合・団体
0113004,官公庁・団体・福祉,組合・団体関連,医師会
0113005,官公庁・団体・福祉,組合・団体関連,医療組合・団体
0113006,官公庁・団体・福祉,組合・団体関連,援護団体
0113007,官公庁・団体・福祉,組合・団体関連,学術団体
0113008,官公庁・団体・福祉,組合・団体関連,文化学術団体
0113009,官公庁・団体・福祉,組合・団体関連,環境保護団体
0113010,官公庁・団体・福祉,組合・団体関連,漁業団体
0113011,官公庁・団体・福祉,組合・団体関連,共済組合
0113012,官公庁・団体・福祉,組合・団体関連,教育団体
0113013,官公庁・団体・福祉,組合・団体関連,啓発団体
0113014,官公庁・団体・福祉,組合・団体関連,経済組合・団体
0113015,官公庁・団体・福祉,組合・団体関連,健康保険組合
0113016,官公庁・団体・福祉,組合・団体関連,互助会
0113017,官公庁・団体・福祉,組合・団体関連,公共団体
0113018,官公庁・団体・福祉,組合・団体関連,公社
0113019,官公庁・団体・福祉,組合・団体関連,公認会計士協会
0113020,官公庁・団体・福祉,組合・団体関連,行政書士会
0113021,官公庁・団体・福祉,組合・団体関連,国際親善団体
0113022,官公庁・団体・福祉,組合・団体関連,司法書士会
0113023,官公庁・団体・福祉,組合・団体関連,市民団体
0113024,官公庁・団体・福祉,組合・団体関連,歯科医師会
0113025,官公庁・団体・福祉,組合・団体関連,事業協同組合
0113026,官公庁・団体・福祉,組合・団体関連,事業団
0113027,官公庁・団体・福祉,組合・団体関連,慈善事業団体
0113028,官公庁・団体・福祉,組合・団体関連,自治会
0113029,官公庁・団体・福祉,組合・団体関連,自然保護団体
0113030,官公庁・団体・福祉,組合・団体関連,社会事業団体
0113031,官公庁・団体・福祉,組合・団体関連,社会生活組合・団体
0113032,官公庁・団体・福祉,組合・団体関連,社会福祉事業
0113033,官公庁・団体・福祉,組合・団体関連,社会保険事業団体
0113034,官公庁・団体・福祉,組合・団体関連,社会保険組合・団体
0113035,官公庁・団体・福祉,組合・団体関連,社会保険労務士会
0113036,官公庁・団体・福祉,組合・団体関連,住宅管理組合
0113037,官公庁・団体・福祉,組合・団体関連,獣医師会
0113038,官公庁・団体・福祉,組合・団体関連,商工会議所
0113039,官公庁・団体・福祉,組合・団体関連,商工業協同組合
0113040,官公庁・団体・福祉,組合・団体関連,商工業団体
0113041,官公庁・団体・福祉,組合・団体関連,消費者団体
0113042,官公庁・団体・福祉,組合・団体関連,消費生活センター
0113043,官公庁・団体・福祉,組合・団体関連,森林組合
0113044,官公庁・団体・福祉,組合・団体関連,親睦団体
0113045,官公庁・団体・福祉,組合・団体関連,人間ドック医療組合・団体
0113046,官公庁・団体・福祉,組合・団体関連,水産加工業協同組合
0113047,官公庁・団体・福祉,組合・団体関連,政治後援会
0113048,官公庁・団体・福祉,組合・団体関連,政治団体
0113049,官公庁・団体・福祉,組合・団体関連,政党
0113050,官公庁・団体・福祉,組合・団体関連,青色申告会
0113051,官公庁・団体・福祉,組合・団体関連,青年会議所
0113052,官公庁・団体・福祉,組合・団体関連,税理士会
0113053,官公庁・団体・福祉,組合・団体関連,団体・組合
0113054,官公庁・団体・福祉,組合・団体関連,地域住民団体
0113055,官公庁・団体・福祉,組合・団体関連,中小企業団体
0113056,官公庁・団体・福祉,組合・団体関連,土地家屋調査士会
0113057,官公庁・団体・福祉,組合・団体関連,動物愛護団体
0113058,官公庁・団体・福祉,組合・団体関連,同業組合
0113059,官公庁・団体・福祉,組合・団体関連,同業団体
0113060,官公庁・団体・福祉,組合・団体関連,農業団体
0113061,官公庁・団体・福祉,組合・団体関連,農林水産組合・団体
0113062,官公庁・団体・福祉,組合・団体関連,福祉団体
0113063,官公庁・団体・福祉,組合・団体関連,文化団体
0113064,官公庁・団体・福祉,組合・団体関連,弁護士会
0113065,官公庁・団体・福祉,組合・団体関連,奉仕団体
0113066,官公庁・団体・福祉,組合・団体関連,薬剤師会
0113067,官公庁・団体・福祉,組合・団体関連,林業団体
0113068,官公庁・団体・福祉,組合・団体関連,労働組合・団体
0113069,官公庁・団体・福祉,組合・団体関連,ライオンズクラブ
0113070,官公庁・団体・福祉,組合・団体関連,ロータリークラブ
0113072,官公庁・団体・福祉,組合・団体関連,ボランティアグループ
0113073,官公庁・団体・福祉,組合・団体関連,スポーツ趣味組合
0113075,官公庁・団体・福祉,組合・団体関連,スポーツ団体
0113999,官公庁・団体・福祉,組合・団体関連,組合・団体関連
0114001,官公庁・団体・福祉,公民館・集会場,会館・ホールイベントホール
0114999,官公庁・団体・福祉,公民館・集会場,公民館・集会場関連
0115001,官公庁・団体・福祉,研究所・研修所,医学・薬学研究所
0115002,官公庁・団体・福祉,研究所・研修所,工学研究所
0115003,官公庁・団体・福祉,研究所・研修所,農学研究所
0115004,官公庁・団体・福祉,研究所・研修所,理学研究所
0115999,官公庁・団体・福祉,研究所・研修所,研究所・研修所関連
0116001,官公庁・団体・福祉,福祉関連施設,ケアハウス
0116003,官公庁・団体・福祉,福祉関連施設,ケアプラン作成事業老人福祉施設
0116005,官公庁・団体・福祉,福祉関連施設,デイサービス
0116007,官公庁・団体・福祉,福祉関連施設,介護相談サービス介護老人保健施設
0116009,官公庁・団体・福祉,福祉関連施設,更生保護事業
0116010,官公庁・団体・福祉,福祉関連施設,児童福祉事業
0116011,官公庁・団体・福祉,福祉関連施設,人間ドック老人福祉施設
0116012,官公庁・団体・福祉,福祉関連施設,短期入所介護事業
0116018,官公庁・団体・福祉,福祉関連施設,福祉施設
0116019,官公庁・団体・福祉,福祉関連施設,福祉事務所
0116021,官公庁・団体・福祉,福祉関連施設,訪問リハビリテーション
0116022,官公庁・団体・福祉,福祉関連施設,訪問介護事業
0116023,官公庁・団体・福祉,福祉関連施設,訪問看護ステーション
0116026,官公庁・団体・福祉,福祉関連施設,訪問入浴介護
0116028,官公庁・団体・福祉,福祉関連施設,訪問理美容
0116029,官公庁・団体・福祉,福祉関連施設,有料老人ホーム
0116032,官公庁・団体・福祉,福祉関連施設,老人介護支援センター
0116034,官公庁・団体・福祉,福祉関連施設,老人福祉事業
0116999,官公庁・団体・福祉,福祉関連施設,福祉施設関連
0117001,官公庁・団体・福祉,公共施設関連,公共施設
0117999,官公庁・団体・福祉,公共施設関連,公共施設関連
1201001,販売・卸,商社・貿易,オーディオ製品買取業
1201002,販売・卸,商社・貿易,オートバイ買取自転車店
1201003,販売・卸,商社・貿易,オートバイ部品・用品オートバイ買取業
1201004,販売・卸,商社・貿易,おもちゃ買取業
1201008,販売・卸,商社・貿易,ピアノ買取業
1201009,販売・卸,商社・貿易,ブランド品買取業
1201015,販売・卸,商社・貿易,記念切手・コインショップ
1201024,販売・卸,商社・貿易,書籍販売取次業
1201025,販売・卸,商社・貿易,商社
1201028,販売・卸,商社・貿易,贈答品店リサイクルショップ
1201029,販売・卸,商社・貿易,中古ＣＤ買取業
1201035,販売・卸,商社・貿易,貿易業
1201999,販売・卸,商社・貿易,商社・貿易関連
1202035,販売・卸,食料品・飲料品（卸売）,飲料卸売業
1202043,販売・卸,食料品・飲料品（卸売）,海産物卸売業
1202048,販売・卸,食料品・飲料品（卸売）,給食用食品卸売業
1202050,販売・卸,食料品・飲料品（卸売）,業務用食料品卸売業
1202051,販売・卸,食料品・飲料品（卸売）,業務用調味料卸売業
1202070,販売・卸,食料品・飲料品（卸売）,茶卸売業
1202075,販売・卸,食料品・飲料品（卸売）,氷卸売業
1202077,販売・卸,食料品・飲料品（卸売）,冷凍水産物製造・卸売業
1202078,販売・卸,食料品・飲料品（卸売）,冷凍食肉製造・卸売業
1202079,販売・卸,食料品・飲料品（卸売）,冷凍食品卸売業
1202090,販売・卸,食料品・飲料品（卸売）,菓子卸売業
1202091,販売・卸,食料品・飲料品（卸売）,生鮮食品卸売業
1202094,販売・卸,食料品・飲料品（卸売）,食品加工卸売業
1202095,販売・卸,食料品・飲料品（卸売）,食料品卸売業
1202097,販売・卸,食料品・飲料品（卸売）,青果物卸売業
1202099,販売・卸,食料品・飲料品（卸売）,仲卸業
1202102,販売・卸,食料品・飲料品（卸売）,水産物卸売業
1202103,販売・卸,食料品・飲料品（卸売）,小麦粉・穀粉卸売業
1202104,販売・卸,食料品・飲料品（卸売）,食肉卸売業
1202105,販売・卸,食料品・飲料品（卸売）,魚市場
1202999,販売・卸,食料品・飲料品（卸売）,食料品・飲料品卸売業関連
1203001,販売・卸,カー用品（卸売）,カー用品卸売業
1203007,販売・卸,カー用品（卸売）,自転車卸売業
1203010,販売・卸,カー用品（卸売）,自動車卸売業
1203011,販売・卸,カー用品（卸売）,自動車卸売・中古車買取業
1203015,販売・卸,カー用品（卸売）,自動販売機販売・取扱いサービス業
1203999,販売・卸,カー用品（卸売）,カー用品卸売業関連
1204002,販売・卸,スポーツ用品関連（卸売）,スポーツ用品卸売業
1204999,販売・卸,スポーツ用品関連（卸売）,スポーツ用品関連卸売業関連
1205001,販売・卸,衣料関連（卸売）,ズボン卸売業
1205002,販売・卸,衣料関連（卸売）,スポーツウェア卸売業
1205003,販売・卸,衣料関連（卸売）,スカート卸売業
1205004,販売・卸,衣料関連（卸売）,スカーフ卸売業
1205005,販売・卸,衣料関連（卸売）,ニット生地卸売業
1205006,販売・卸,衣料関連（卸売）,衣料卸売業
1205999,販売・卸,衣料関連（卸売）,衣料関連卸売業関連
1206001,販売・卸,生活雑貨・日用品（卸売）,洋品雑貨卸売業
1206002,販売・卸,生活雑貨・日用品（卸売）,靴・履物卸売業
1206013,販売・卸,生活雑貨・日用品（卸売）,家具製造・卸売業
1206028,販売・卸,生活雑貨・日用品（卸売）,ノート・学習帳・事務用品製造・卸売業
1206101,販売・卸,生活雑貨・日用品（卸売）,化粧品製造・卸売業
1206102,販売・卸,生活雑貨・日用品（卸売）,日用品雑貨製造・卸売業
1206109,販売・卸,生活雑貨・日用品（卸売）,寝具類卸売業
1206999,販売・卸,生活雑貨・日用品（卸売）,生活雑貨・日用品卸売業関連
1207001,販売・卸,電気・事務・設備機器（卸売）,ＯＡ機器卸売業
1207002,販売・卸,電気・事務・設備機器（卸売）,ガス機器卸売業
1207003,販売・卸,電気・事務・設備機器（卸売）,カラオケ装置卸売業
1207004,販売・卸,電気・事務・設備機器（卸売）,コンピューター関連卸売業
1207005,販売・卸,電気・事務・設備機器（卸売）,コンピューター・パソコン卸売業
1207006,販売・卸,電気・事務・設備機器（卸売）,パチンコ機械卸売業
1207007,販売・卸,電気・事務・設備機器（卸売）,テレビ受信機卸売業
1207011,販売・卸,電気・事務・設備機器（卸売）,エアコン卸売業
1207012,販売・卸,電気・事務・設備機器（卸売）,オーディオ機器卸売業
1207025,販売・卸,電気・事務・設備機器（卸売）,電気機械器具・部分品卸売業
1207027,販売・卸,電気・事務・設備機器（卸売）,消防用設備用品卸売業
1207030,販売・卸,電気・事務・設備機器（卸売）,通信用機械器具卸売業
1207033,販売・卸,電気・事務・設備機器（卸売）,電飾照明機械器具卸売業
1207999,販売・卸,電気・事務・設備機器（卸売）,電気・事務・設備機器卸売業関連
1208005,販売・卸,卸売関連,医療用品卸売
1208006,販売・卸,卸売関連,圧縮ガス製造・卸売業
1208007,販売・卸,卸売関連,化学工業製品卸売業
1208028,販売・卸,卸売関連,喫茶材料卸売業
1208029,販売・卸,卸売関連,ＣＤ・ＤＶＤ・ビデオ・レコード卸売業
1208033,販売・卸,卸売関連,金属材料卸売業
1208046,販売・卸,卸売関連,クリーニング材料卸売業
1208056,販売・卸,卸売関連,パルプ材卸売業
1208063,販売・卸,卸売関連,光学機械器具卸売業
1208064,販売・卸,卸売関連,工作機械卸売業
1208070,販売・卸,卸売関連,骨とう品卸売業
1208071,販売・卸,卸売関連,香水卸売業
1208086,販売・卸,卸売関連,事務用機械器具卸売業
1208089,販売・卸,卸売関連,宿泊施設関連用品卸売業
1208092,販売・卸,卸売関連,娯楽用品・がん具卸売業
1208101,販売・卸,卸売関連,清掃用機械器具・用品卸売業
1208102,販売・卸,卸売関連,厨房・キッチン用機器・用品卸売業
1208107,販売・卸,卸売関連,宝石卸売業
1208108,販売・卸,卸売関連,刃物製造・卸売業
1208111,販売・卸,卸売関連,ビデオ配給業
1208116,販売・卸,卸売関連,土木建築材料卸売業
1208118,販売・卸,卸売関連,動物用薬品卸売業
1208119,販売・卸,卸売関連,ペット卸売業
1208120,販売・卸,卸売関連,ペット用品卸売業
1208121,販売・卸,卸売関連,火薬卸売業
1208122,販売・卸,卸売関連,家畜卸売業
1208125,販売・卸,卸売関連,石材卸売・石材製造業
1208135,販売・卸,卸売関連,非鉄金属・鉱物製品貿易
1208136,販売・卸,卸売関連,非鉄金属製品卸売業
1208138,販売・卸,卸売関連,観賞魚卸売業
1208139,販売・卸,卸売関連,理容・美容機器・用品卸売業
1208143,販売・卸,卸売関連,薬種卸売・医薬品卸売業
1208146,販売・卸,卸売関連,セラミックス・窯業原料関連卸売業
1208153,販売・卸,卸売関連,生薬卸売業
1208154,販売・卸,卸売関連,ペットフード卸売業
1208999,販売・卸,卸売関連,卸売業関連
1209001,販売・卸,デパート・スーパー・ディスカウントショップ,スーパーマーケット
1209002,販売・卸,デパート・スーパー・ディスカウントショップ,ディスカウントショップ
1209003,販売・卸,デパート・スーパー・ディスカウントショップ,百貨店
1209004,販売・卸,デパート・スーパー・ディスカウントショップ,ホームセンター
1209999,販売・卸,デパート・スーパー・ディスカウントショップ,デパート・スーパー・ディスカウントショップ関連
1210001,販売・卸,コンビニエンスストア,コンビニエンスストア
1210999,販売・卸,コンビニエンスストア,コンビニエンスストア関連
1211001,販売・卸,道の駅,道の駅
1211999,販売・卸,道の駅,道の駅関連
1212028,販売・卸,食料品・嗜好品,パン屋・ベーカリー
1212039,販売・卸,食料品・嗜好品,駅弁売店
1212043,販売・卸,食料品・嗜好品,スイーツ・菓子小売業
1212044,販売・卸,食料品・嗜好品,水産物・海産物卸売業
1212052,販売・卸,食料品・嗜好品,乾物小売業
1212057,販売・卸,食料品・嗜好品,喫茶材料小売業
1212059,販売・卸,食料品・嗜好品,業務用食料品小売業
1212061,販売・卸,食料品・嗜好品,健康・自然食品小売業
1212071,販売・卸,食料品・嗜好品,食肉小売業
1212073,販売・卸,食料品・嗜好品,食料雑貨小売業
1212074,販売・卸,食料品・嗜好品,水産加工業
1212075,販売・卸,食料品・嗜好品,青果物店・八百屋・果物屋
1212080,販売・卸,食料品・嗜好品,鮮魚小売業
1212083,販売・卸,食料品・嗜好品,茶小売業
1212085,販売・卸,食料品・嗜好品,中華料理材料小売業
1212086,販売・卸,食料品・嗜好品,調味料小売業
1212089,販売・卸,食料品・嗜好品,豆菓子店
1212091,販売・卸,食料品・嗜好品,豆類小売業
1212095,販売・卸,食料品・嗜好品,米穀類小売業
1212099,販売・卸,食料品・嗜好品,明太子店
1212107,販売・卸,食料品・嗜好品,卵・鳥肉小売業
1212110,販売・卸,食料品・嗜好品,コーヒー小売業
1212112,販売・卸,食料品・嗜好品,牛乳小売業
1212113,販売・卸,食料品・嗜好品,飲料小売業
1212114,販売・卸,食料品・嗜好品,生ジュース店
1212115,販売・卸,食料品・嗜好品,たばこ・喫煙具専門小売店
1212117,販売・卸,食料品・嗜好品,酒店・酒屋
1212999,販売・卸,食料品・嗜好品,食料品・嗜好品関連
1213016,販売・卸,衣料関連（小売）,ベビー・キッズ・マタニティー用品小売業
1213021,販売・卸,衣料関連（小売）,衣料品小売業
1213023,販売・卸,衣料関連（小売）,下着小売業
1213036,販売・卸,衣料関連（小売）,生地商社
1213045,販売・卸,衣料関連（小売）,服地商社
1213046,販売・卸,衣料関連（小売）,服地小売業
1213055,販売・卸,衣料関連（小売）,洋裁店
1213056,販売・卸,衣料関連（小売）,洋品店
1213057,販売・卸,衣料関連（小売）,洋服店
1213059,販売・卸,衣料関連（小売）,和装小物製造・小売業
1213999,販売・卸,衣料関連（小売）,衣料関連小売業関連
1214002,販売・卸,化粧品・装身具・装飾品・民芸品（小売）,化粧品製造・小売業
1214004,販売・卸,化粧品・装身具・装飾品・民芸品（小売）,化粧品小売業関連
1214005,販売・卸,化粧品・装身具・装飾品・民芸品（小売）,装身具製造・小売業
1214011,販売・卸,化粧品・装身具・装飾品・民芸品（小売）,金器・銀器小売業
1214013,販売・卸,化粧品・装身具・装飾品・民芸品（小売）,宝石小売業
1214018,販売・卸,化粧品・装身具・装飾品・民芸品（小売）,かさ専門店
1214021,販売・卸,化粧品・装身具・装飾品・民芸品（小売）,かばん・袋物小売業
1214025,販売・卸,化粧品・装身具・装飾品・民芸品（小売）,ベルトショップ
1214028,販売・卸,化粧品・装身具・装飾品・民芸品（小売）,履物小売業
1214029,販売・卸,化粧品・装身具・装飾品・民芸品（小売）,アジア雑貨店
1214030,販売・卸,化粧品・装身具・装飾品・民芸品（小売）,アメリカ雑貨販売店
1214031,販売・卸,化粧品・装身具・装飾品・民芸品（小売）,ガラス工芸品小売業
1214036,販売・卸,化粧品・装身具・装飾品・民芸品（小売）,工芸品小売業
1214039,販売・卸,化粧品・装身具・装飾品・民芸品（小売）,ちりめん小売業
1214040,販売・卸,化粧品・装身具・装飾品・民芸品（小売）,テープ・リボン小売業
1214042,販売・卸,化粧品・装身具・装飾品・民芸品（小売）,額装・額縁小売業
1214043,販売・卸,化粧品・装身具・装飾品・民芸品（小売）,手芸店
1214044,販売・卸,化粧品・装身具・装飾品・民芸品（小売）,西洋人形製造・小売業
1214045,販売・卸,化粧品・装身具・装飾品・民芸品（小売）,太鼓小売業
1214046,販売・卸,化粧品・装身具・装飾品・民芸品（小売）,竹工芸品小売業
1214049,販売・卸,化粧品・装身具・装飾品・民芸品（小売）,美術品小売業
1214062,販売・卸,化粧品・装身具・装飾品・民芸品（小売）,書画・骨とう品小売業
1214063,販売・卸,化粧品・装身具・装飾品・民芸品（小売）,やきもの工芸小売業
1214999,販売・卸,化粧品・装身具・装飾品・民芸品（小売）,民芸品・工芸品小売業関連
1215002,販売・卸,インテリア・生活雑貨（小売）,インテリア用品小売業
1215016,販売・卸,インテリア・生活雑貨（小売）,家具小売業
1215021,販売・卸,インテリア・生活雑貨（小売）,食器製造・小売業
1215027,販売・卸,インテリア・生活雑貨（小売）,陶工芸小売業
1215028,販売・卸,インテリア・生活雑貨（小売）,日用雑貨小売業
1215056,販売・卸,インテリア・生活雑貨（小売）,手芸用品小売業
1215999,販売・卸,インテリア・生活雑貨（小売）,インテリア・生活雑貨小売業関連
1216003,販売・卸,書籍・文具（小売）,教科書小売業
1216004,販売・卸,書籍・文具（小売）,古本屋
1216008,販売・卸,書籍・文具（小売）,書店
1216014,販売・卸,書籍・文具（小売）,文具・事務用品店
1216021,販売・卸,書籍・文具（小売）,ＣＤ・ＤＶＤ・ビデオ・レコード店
1216024,販売・卸,書籍・文具（小売）,はんこ店（印鑑・印章・ゴム印）
1216999,販売・卸,書籍・文具（小売）,書籍・文具小売業関連
1217001,販売・卸,スポーツ用品・趣味用品（小売）,アウトドアショップ
1217005,販売・卸,スポーツ用品・趣味用品（小売）,おもちゃ・玩具店
1217012,販売・卸,スポーツ用品・趣味用品（小売）,ゴルフ用品小売業
1217022,販売・卸,スポーツ用品・趣味用品（小売）,スポーツ用品小売業
1217044,販売・卸,スポーツ用品・趣味用品（小売）,囲碁・将棋用品小売業
1217050,販売・卸,スポーツ用品・趣味用品（小売）,楽器店・楽器小売業
1217058,販売・卸,スポーツ用品・趣味用品（小売）,人形製造・小売業
1217074,販売・卸,スポーツ用品・趣味用品（小売）,切手・コインショップ
1217999,販売・卸,スポーツ用品・趣味用品（小売）,スポーツ用品・趣味用品小売業関連
1218002,販売・卸,電気機器・事務機器（小売）,AV・オーディオ関連製品小売業
1218003,販売・卸,電気機器・事務機器（小売）,コンピューターＯＡ機器販売・修理業
1218006,販売・卸,電気機器・事務機器（小売）,パソコンショップ
1218009,販売・卸,電気機器・事務機器（小売）,健康機器小売業
1218015,販売・卸,電気機器・事務機器（小売）,電器店
1218017,販売・卸,電気機器・事務機器（小売）,電気機械器具小売業
1218999,販売・卸,電気機器・事務機器（小売）,電気機器・事務機器小売業関連
1219001,販売・卸,時計・カメラ（小売）,カメラ小売業
1219002,販売・卸,時計・カメラ（小売）,カメラ買取業
1219003,販売・卸,時計・カメラ（小売）,事務用機械器具小売業
1219004,販売・卸,時計・カメラ（小売）,時計小売業
1219999,販売・卸,時計・カメラ（小売）,時計・カメラ小売業関連
1220001,販売・卸,ペット・ペット関連用品（小売）,ペット小売業
1220005,販売・卸,ペット・ペット関連用品（小売）,ペットショップ・用品小売業
1220009,販売・卸,ペット・ペット関連用品（小売）,ペット美容室・ペット用品小売業
1220010,販売・卸,ペット・ペット関連用品（小売）,ペット保険・ペット用品小売業
1220013,販売・卸,ペット・ペット関連用品（小売）,ペット用品販売・ペットホテル
1220019,販売・卸,ペット・ペット関連用品（小売）,昆虫小売業
1220999,販売・卸,ペット・ペット関連用品（小売）,ペットショップ・関連用品小売業関連
1221001,販売・卸,眼鏡・コンタクトレンズ（小売）,コンタクトレンズ小売業
1221003,販売・卸,眼鏡・コンタクトレンズ（小売）,眼鏡小売業
1221999,販売・卸,眼鏡・コンタクトレンズ（小売）,眼鏡・コンタクトレンズ小売業関連
1222001,販売・卸,おもちゃ（小売）,知育玩具小売業
1222002,販売・卸,おもちゃ（小売）,パーティーグッズショップ
1222003,販売・卸,おもちゃ（小売）,おもちゃ小売業
1222999,販売・卸,おもちゃ（小売）,おもちゃ小売業関連
1223004,販売・卸,仏壇・仏具（小売）,寺院用具仏壇・仏具店
1223010,販売・卸,仏壇・仏具（小売）,仏壇・仏具小売業
1223999,販売・卸,仏壇・仏具（小売）,仏壇・仏具小売業関連
1224003,販売・卸,小売関連,ガーデニングショップ
1224005,販売・卸,小売関連,カタログ小売業
1224012,販売・卸,小売関連,ポスター・ブロマイド店
1224019,販売・卸,小売関連,ステンレス製品小売業
1224029,販売・卸,小売関連,ビリヤードショップ
1224032,販売・卸,小売関連,１０００円ショップ
1224033,販売・卸,小売関連,１００円ショップ
1224034,販売・卸,小売関連,アイデア商品店
1224035,販売・卸,小売関連,アウトレットショップ
1224038,販売・卸,小売関連,インターネット通販業
1224040,販売・卸,小売関連,ミシン小売業
1224042,販売・卸,小売関連,みやげ品店
1224045,販売・卸,小売関連,演劇用具・演劇衣装関連
1224047,販売・卸,小売関連,花環店
1224049,販売・卸,小売関連,画廊
1224050,販売・卸,小売関連,介護用品小売業
1224052,販売・卸,小売関連,楽器商オーディオ製品小売業
1224055,販売・卸,小売関連,官報販売所
1224056,販売・卸,小売関連,観葉植物小売業
1224062,販売・卸,小売関連,金物店
1224069,販売・卸,小売関連,骨とう品小売業
1224081,販売・卸,小売関連,植木小売業
1224083,販売・卸,小売関連,刃物小売業
1224085,販売・卸,小売関連,生花店
1224088,販売・卸,小売関連,石油ストーブ小売業
1224090,販売・卸,小売関連,贈答品小売業
1224093,販売・卸,小売関連,段ボールテープ・リボン小売業
1224096,販売・卸,小売関連,茶園
1224097,販売・卸,小売関連,中古ＣＤ・ＤＶＤ・ビデオ・レコード店
1224100,販売・卸,小売関連,中古おもちゃ小売業
1224102,販売・卸,小売関連,中古ゴルフショップ
1224104,販売・卸,小売関連,中古ブランド品小売業
1224106,販売・卸,小売関連,中古楽器小売業
1224107,販売・卸,小売関連,中古品小売業
1224108,販売・卸,小売関連,通信販売・訪問販売小売業
1224110,販売・卸,小売関連,塗料小売業
1224113,販売・卸,小売関連,燃料小売業
1224117,販売・卸,小売関連,宝くじ売り場
1224126,販売・卸,小売関連,福祉用自動車・部品・用品小売業
1224128,販売・卸,小売関連,包装・梱包材料小売業
1224130,販売・卸,小売関連,毛糸小売業
1224999,販売・卸,小売関連,小売関連
1301004,その他サービス,理容・美容業,美容室・美容院
1301005,その他サービス,理容・美容業,理容店
1301999,その他サービス,理容・美容業,理容・美容業関連
1302001,その他サービス,クリーニング業,インテリアクリーニング業
1302003,その他サービス,クリーニング業,クリーニング業
1302004,その他サービス,クリーニング業,コインランドリー
1302005,その他サービス,クリーニング業,染抜（しみぬき）業
1302006,その他サービス,クリーニング業,リネンサプライ業
1302007,その他サービス,クリーニング業,洗張業
1302999,その他サービス,クリーニング業,クリーニング業関連
1303003,その他サービス,浴場・サウナ・風俗店,サウナ
1303004,その他サービス,浴場・サウナ・風俗店,スーパー銭湯
1303008,その他サービス,浴場・サウナ・風俗店,温泉浴場業
1303009,その他サービス,浴場・サウナ・風俗店,健康ランド
1303010,その他サービス,浴場・サウナ・風俗店,銭湯業
1303999,その他サービス,浴場・サウナ・風俗店,浴場・サウナ関連
1304001,その他サービス,警備・管理業,アパート管理業
1304002,その他サービス,警備・管理業,ビル管理業
1304003,その他サービス,警備・管理業,マンション管理業
1304005,その他サービス,警備・管理業,警備業
1304007,その他サービス,警備・管理業,作業環境測定分析業
1304008,その他サービス,警備・管理業,水槽設備保守管理業
1304009,その他サービス,警備・管理業,水道衛生設備保守管理業
1304010,その他サービス,警備・管理業,電気保安管理・メンテナンス業
1304011,その他サービス,警備・管理業,内装工事マンション管理業
1304999,その他サービス,警備・管理業,警備・管理業関連
1305001,その他サービス,清掃・廃棄物処理業,エアコンクリーニング業
1305002,その他サービス,清掃・廃棄物処理業,ガラスふきサービス業
1305005,その他サービス,清掃・廃棄物処理業,ごみ埋立業
1305009,その他サービス,清掃・廃棄物処理業,ごみ収集運搬業
1305010,その他サービス,清掃・廃棄物処理業,し尿収集運搬業
1305011,その他サービス,清掃・廃棄物処理業,スクラップ類回収業
1305012,その他サービス,清掃・廃棄物処理業,ハウスクリーニング業
1305013,その他サービス,清掃・廃棄物処理業,ビルサービス業
1305015,その他サービス,清掃・廃棄物処理業,ふとん丸洗いサービス業
1305016,その他サービス,清掃・廃棄物処理業,亜鉛・鉛・すずスクラップ回収業
1305018,その他サービス,清掃・廃棄物処理業,一般廃棄物処理業
1305019,その他サービス,清掃・廃棄物処理業,煙突掃除業
1305020,その他サービス,清掃・廃棄物処理業,汚泥処理業
1305021,その他サービス,清掃・廃棄物処理業,廃棄物処理業
1305022,その他サービス,清掃・廃棄物処理業,機械部分品再生資源リサイクル業
1305030,その他サービス,清掃・廃棄物処理業,再生資源リサイクル業
1305031,その他サービス,清掃・廃棄物処理業,再生資源卸売業
1305035,その他サービス,清掃・廃棄物処理業,産業廃棄物処分業
1305037,その他サービス,清掃・廃棄物処理業,工業用水道業
1305040,その他サービス,清掃・廃棄物処理業,住宅消毒・害虫駆除サービス業
1305042,その他サービス,清掃・廃棄物処理業,浄化槽管理・清掃・メンテナンス業
1305044,その他サービス,清掃・廃棄物処理業,寝具消毒・乾燥業
1305045,その他サービス,清掃・廃棄物処理業,清掃・メンテナンス業
1305046,その他サービス,清掃・廃棄物処理業,船舶廃油収集運搬業
1305049,その他サービス,清掃・廃棄物処理業,廃プラスチック処理業
1305051,その他サービス,清掃・廃棄物処理業,非鉄金属スクラップ回収・卸売業
1305999,その他サービス,清掃・廃棄物処理業,清掃・廃棄物処理業関連
1306001,その他サービス,レンタル・リース業,ＯＡ機器レンタル・リース業
1306002,その他サービス,レンタル・リース業,ウエスレンタル業
1306003,その他サービス,レンタル・リース業,レンタルおしぼり・紙おしぼり関連用品業
1306006,その他サービス,レンタル・リース業,コンテナレンタル・リース業
1306008,その他サービス,レンタル・リース業,モータースポーツショップレンタルカート
1306009,その他サービス,レンタル・リース業,総合リース業
1306011,その他サービス,レンタル・リース業,レンタサイクル業
1306015,その他サービス,レンタル・リース業,レンタルショップ
1306017,その他サービス,レンタル・リース業,レンタルスキー・スノーボード業
1306020,その他サービス,レンタル・リース業,レンタルスペース・貸会場業
1306021,その他サービス,レンタル・リース業,レンタルトイレ
1306023,その他サービス,レンタル・リース業,レンタルビデオ・ＤＶＤ・ＣＤ店
1306028,その他サービス,レンタル・リース業,医療・福祉用具レンタル・リース業
1306031,その他サービス,レンタル・リース業,スポーツ用品賃貸業
1306032,その他サービス,レンタル・リース業,運搬用機械設備レンタル・リース業
1306033,その他サービス,レンタル・リース業,映画用機械レンタル・リース業
1306034,その他サービス,レンタル・リース業,映写機レンタル・リース業
1306036,その他サービス,レンタル・リース業,介護用品レンタル業
1306038,その他サービス,レンタル・リース業,基礎工事用機械リース・レンタル業
1306039,その他サービス,レンタル・リース業,金属工作機械レンタル・リース業
1306041,その他サービス,レンタル・リース業,計測器レンタル・リース業
1306042,その他サービス,レンタル・リース業,建設機械器具レンタル・リース業
1306044,その他サービス,レンタル・リース業,事務用機械器具レンタル・リース業
1306045,その他サービス,レンタル・リース業,自動販売機レンタル・リース業
1306046,その他サービス,レンタル・リース業,おしぼりレンタル・リース業
1306048,その他サービス,レンタル・リース業,娯楽用品賃貸業
1306051,その他サービス,レンタル・リース業,ぞうきんレンタル・リース業
1306052,その他サービス,レンタル・リース業,貸テレビ業
1306053,その他サービス,レンタル・リース業,テントレンタル・リース業
1306055,その他サービス,レンタル・リース業,ふとんレンタル・リース業
1306060,その他サービス,レンタル・リース業,貸モップ業
1306061,その他サービス,レンタル・リース業,ユニホームレンタル・リース業
1306063,その他サービス,レンタル・リース業,貸衣しょう業
1306065,その他サービス,レンタル・リース業,貸花環業
1306066,その他サービス,レンタル・リース業,音楽賃貸業
1306068,その他サービス,レンタル・リース業,植木レンタル・リース業
1306069,その他サービス,レンタル・リース業,清掃具レンタル・リース業
1306071,その他サービス,レンタル・リース業,動物レンタル業
1306073,その他サービス,レンタル・リース業,貸本業
1306075,その他サービス,レンタル・リース業,通信用機械器具レンタル・リース業
1306076,その他サービス,レンタル・リース業,美術品レンタル業
1306077,その他サービス,レンタル・リース業,不動産取引リース業
1306999,その他サービス,レンタル・リース業,レンタル・リース業関連
1307001,その他サービス,修理・整備業,ＯＡ機器修理サービス業
1307002,その他サービス,修理・整備業,アクセサリー修理業
1307008,その他サービス,修理・整備業,玩具修理・おもちゃ病院
1307009,その他サービス,修理・整備業,かさ修理業
1307011,その他サービス,修理・整備業,ガラス修理業
1307026,その他サービス,修理・整備業,めがね修理業
1307030,その他サービス,修理・整備業,衣服裁縫修理業
1307033,その他サービス,修理・整備業,羽毛製品綿打ち直しサービス業
1307037,その他サービス,修理・整備業,家具修理業
1307039,その他サービス,修理・整備業,家電修理業
1307040,その他サービス,修理・整備業,絵画修復業
1307044,その他サービス,修理・整備業,楽器修理業
1307045,その他サービス,修理・整備業,機械修理業
1307046,その他サービス,修理・整備業,機械刃物研磨業
1307049,その他サービス,修理・整備業,金物店スペアキー製作業
1307051,その他サービス,修理・整備業,靴修理スペアキー製作業
1307052,その他サービス,修理・整備業,靴・下駄修理業
1307053,その他サービス,修理・整備業,靴修理・靴店
1307054,その他サービス,修理・整備業,かばん修理業
1307056,その他サービス,修理・整備業,計量器修理業
1307057,その他サービス,修理・整備業,建設機械整備業
1307061,その他サービス,修理・整備業,航空機整備業
1307063,その他サービス,修理・整備業,産業用設備洗浄業
1307064,その他サービス,修理・整備業,時計修理業
1307066,その他サービス,修理・整備業,書画修復業
1307068,その他サービス,修理・整備業,船舶修理業
1307069,その他サービス,修理・整備業,造船・船舶整備業
1307073,その他サービス,修理・整備業,刀剣類研磨業
1307074,その他サービス,修理・整備業,農器具修理業
1307075,その他サービス,修理・整備業,舶用機関修理業
1307076,その他サービス,修理・整備業,芸術品・美術品修復業
1307999,その他サービス,修理・整備業,修理・整備業関連
1308003,その他サービス,人材派遣・紹介・代行サービス業,ホームセキュリティサービス業
1308004,その他サービス,人材派遣・紹介・代行サービス業,マネキン紹介事業
1308008,その他サービス,人材派遣・紹介・代行サービス業,看護師・家政婦紹介所
1308011,その他サービス,人材派遣・紹介・代行サービス業,治験支援業
1308012,その他サービス,人材派遣・紹介・代行サービス業,職業紹介業
1308016,その他サービス,人材派遣・紹介・代行サービス業,人材紹介所・人材バンク
1308017,その他サービス,人材派遣・紹介・代行サービス業,人材派遣業
1308019,その他サービス,人材派遣・紹介・代行サービス業,在宅ワーク・内職あっせん業
1308022,その他サービス,人材派遣・紹介・代行サービス業,便利屋
1308026,その他サービス,人材派遣・紹介・代行サービス業,アウトソーシング業務請負業
1308030,その他サービス,人材派遣・紹介・代行サービス業,代行サービス業
1308999,その他サービス,人材派遣・紹介・代行サービス業,人材派遣・紹介・代行サービス業関連
1309001,その他サービス,宣伝・広告業,アドバルーン広告業
1309002,その他サービス,宣伝・広告業,インターネット広告業
1309005,その他サービス,宣伝・広告業,クラフトデザイン広告制作業
1309006,その他サービス,宣伝・広告業,コピーライティング業
1309007,その他サービス,宣伝・広告業,コマーシャル制作業
1309008,その他サービス,宣伝・広告業,ちんどん屋
1309011,その他サービス,宣伝・広告業,テレビ・ラジオ広告代理店
1309014,その他サービス,宣伝・広告業,ネオンサイン広告業
1309023,その他サービス,宣伝・広告業,広告制作業
1309024,その他サービス,宣伝・広告業,広告業
1309031,その他サービス,宣伝・広告業,販売促進サービス業
1309999,その他サービス,宣伝・広告業,宣伝・広告業関連
1310001,その他サービス,調査・コンサルタント業,インターネット調査業
1310002,その他サービス,調査・コンサルタント業,システムコンサルタント業
1310003,その他サービス,調査・コンサルタント業,興信所
1310004,その他サービス,調査・コンサルタント業,市場調査・マーケティング業
1310005,その他サービス,調査・コンサルタント業,商業施設企画業
1310006,その他サービス,調査・コンサルタント業,商品検査業
1310008,その他サービス,調査・コンサルタント業,消防用設備点検・保守業
1310012,その他サービス,調査・コンサルタント業,水質検査業
1310013,その他サービス,調査・コンサルタント業,通信社
1310014,その他サービス,調査・コンサルタント業,保険サービス業
1310017,その他サービス,調査・コンサルタント業,経営コンサルタント業
1310018,その他サービス,調査・コンサルタント業,技術コンサルタント業
1310019,その他サービス,調査・コンサルタント業,建設コンサルタント業
1310020,その他サービス,調査・コンサルタント業,労働衛生・労働安全コンサルタント業
1310021,その他サービス,調査・コンサルタント業,補償コンサルタント業
1310999,その他サービス,調査・コンサルタント業,調査・コンサルタント業関連
1311001,その他サービス,法律・弁護士事務所,弁護士事務所
1311999,その他サービス,法律・弁護士事務所,法律・弁護士事務所関連
1312002,その他サービス,会計士・税理士・専門職,経理事務所
1312004,その他サービス,会計士・税理士・専門職,公認会計士事務所
1312005,その他サービス,会計士・税理士・専門職,税理士事務所
1312006,その他サービス,会計士・税理士・専門職,計理・会計士・税理士事務所関連
1312007,その他サービス,会計士・税理士・専門職,司法書士事務所
1312008,その他サービス,会計士・税理士・専門職,行政書士事務所
1312009,その他サービス,会計士・税理士・専門職,建築設計業
1312013,その他サービス,会計士・税理士・専門職,プラント設計・機械設計業
1312018,その他サービス,会計士・税理士・専門職,設計事務所
1312023,その他サービス,会計士・税理士・専門職,太陽電池・電気設計業
1312024,その他サービス,会計士・税理士・専門職,鉄鋼工業機械設計業
1312027,その他サービス,会計士・税理士・専門職,不動産取引・商業施設設計業
1312029,その他サービス,会計士・税理士・専門職,電子回路設計業
1312030,その他サービス,会計士・税理士・専門職,社会保険労務士事務所
1312999,その他サービス,会計士・税理士・専門職,会計士・税理士・専門職関連
1313002,その他サービス,文化・芸能（専門サービス業・専門職）,サーカス
1313005,その他サービス,文化・芸能（専門サービス業・専門職）,テレビ番組企画・制作プロダクション
1313007,その他サービス,文化・芸能（専門サービス業・専門職）,ピアノ教室・調律業
1313008,その他サービス,文化・芸能（専門サービス業・専門職）,ピアノ・フルート教室
1313009,その他サービス,文化・芸能（専門サービス業・専門職）,ピアノ・絵画教室
1313014,その他サービス,文化・芸能（専門サービス業・専門職）,演出家業
1313016,その他サービス,文化・芸能（専門サービス業・専門職）,映画フィルム現像業
1313017,その他サービス,文化・芸能（専門サービス業・専門職）,映画監督業
1313019,その他サービス,文化・芸能（専門サービス業・専門職）,映画制作・配給業
1313021,その他サービス,文化・芸能（専門サービス業・専門職）,映像サービス業
1313022,その他サービス,文化・芸能（専門サービス業・専門職）,楽団
1313025,その他サービス,文化・芸能（専門サービス業・専門職）,歌劇団
1313028,その他サービス,文化・芸能（専門サービス業・専門職）,楽器商・ピアノ調律業
1313031,その他サービス,文化・芸能（専門サービス業・専門職）,劇団
1313057,その他サービス,文化・芸能（専門サービス業・専門職）,声楽家業
1313060,その他サービス,文化・芸能（専門サービス業・専門職）,紋章上絵業・紋章店
1313061,その他サービス,文化・芸能（専門サービス業・専門職）,紋切業
1313062,その他サービス,文化・芸能（専門サービス業・専門職）,工芸作家・工芸デザイナー
1313063,その他サービス,文化・芸能（専門サービス業・専門職）,著述家業
1313999,その他サービス,文化・芸能（専門サービス業・専門職）,文化・芸能（専門サービス・専門職）関連
1314012,その他サービス,翻訳・通訳（専門サービス業・専門職）,通訳・翻訳業
1314013,その他サービス,翻訳・通訳（専門サービス業・専門職）,翻訳業
1314015,その他サービス,翻訳・通訳（専門サービス業・専門職）,通訳業
1314999,その他サービス,翻訳・通訳（専門サービス業・専門職）,翻訳・通訳（専門サービス・専門職）関連
1315001,その他サービス,理容・美容（専門サービス業・専門職）,スタイリスト・ファッションコーディネーター
1315002,その他サービス,理容・美容（専門サービス業・専門職）,ネイルサロン
1315003,その他サービス,理容・美容（専門サービス業・専門職）,ビューティーアドバイザー
1315004,その他サービス,理容・美容（専門サービス業・専門職）,ヘアデザイナー
1315005,その他サービス,理容・美容（専門サービス業・専門職）,プロポーションメーキング
1315006,その他サービス,理容・美容（専門サービス業・専門職）,日焼けサロン
1315007,その他サービス,理容・美容（専門サービス業・専門職）,エステティックサロン
1315008,その他サービス,理容・美容（専門サービス業・専門職）,育毛業
1315009,その他サービス,理容・美容（専門サービス業・専門職）,着付け業
1315999,その他サービス,理容・美容（専門サービス業・専門職）,理容・美容（専門サービス・専門職）関連
1316001,その他サービス,専門職関連,服飾デザイン業
1316002,その他サービス,専門職関連,技術サービス業
1316003,その他サービス,専門職関連,公証人役場
1316004,その他サービス,専門職関連,弁理士事務所
1316006,その他サービス,専門職関連,アニメーション制作業
1316007,その他サービス,専門職関連,ビルメンテナンス業
1316008,その他サービス,専門職関連,ファイナンシャルプランナー
1316009,その他サービス,専門職関連,フロン回収・処理業
1316011,その他サービス,専門職関連,計量証明業
1316013,その他サービス,専門職関連,出版編集業
1316014,その他サービス,専門職関連,オートレース業
1316015,その他サービス,専門職関連,プロレス協会
1316016,その他サービス,専門職関連,ログハウス設計業
1316018,その他サービス,専門職関連,環境測定分析業
1316019,その他サービス,専門職関連,鑑定士・鑑定業
1316020,その他サービス,専門職関連,額装業
1316021,その他サービス,専門職関連,金属防錆処理加工業
1316022,その他サービス,専門職関連,地質調査業
1316024,その他サービス,専門職関連,子供服仕立業
1316025,その他サービス,専門職関連,着物仕立業
1316026,その他サービス,専門職関連,婦人服仕立業
1316029,その他サービス,専門職関連,海事代理士業
1316031,その他サービス,専門職関連,漆塗装業
1316033,その他サービス,専門職関連,相談サービス業
1316035,その他サービス,専門職関連,速記業
1316036,その他サービス,専門職関連,デザイナー・図案家
1316037,その他サービス,専門職関連,製図サービス業
1316038,その他サービス,専門職関連,中小企業診断士業
1316039,その他サービス,専門職関連,土地家屋調査士事務所
1316043,その他サービス,専門職関連,非破壊検査業
1316044,その他サービス,専門職関連,筆耕サービス業
1316045,その他サービス,専門職関連,品質検査業
1316047,その他サービス,専門職関連,スポーツエージェント業
1316053,その他サービス,専門職関連,商品先物取引業
1316055,その他サービス,専門職関連,ソフトウェア開発業
1316056,その他サービス,専門職関連,ＩＳＯコンサルタント業
1316058,その他サービス,専門職関連,Ｍ＆Ａコンサルタント業
1316999,その他サービス,専門職関連,専門職関連
1317002,その他サービス,写真・デザイン・装飾・録音,テキスタイルデザイン事務所
1317004,その他サービス,写真・デザイン・装飾・録音,写真家・カメラマン
1317007,その他サービス,写真・デザイン・装飾・録音,レコーディングスタジオ
1317012,その他サービス,写真・デザイン・装飾・録音,写真業
1317014,その他サービス,写真・デザイン・装飾・録音,商業デザイン業
1317015,その他サービス,写真・デザイン・装飾・録音,商業デザイン事務所
1317016,その他サービス,写真・デザイン・装飾・録音,製図・コピー・青写真サービス業
1317018,その他サービス,写真・デザイン・装飾・録音,イラストレーター
1317020,その他サービス,写真・デザイン・装飾・録音,インテリアコーディネーター
1317025,その他サービス,写真・デザイン・装飾・録音,デザイン業
1317029,その他サービス,写真・デザイン・装飾・録音,録音サービス業
1317033,その他サービス,写真・デザイン・装飾・録音,ディスプレイ業
1317035,その他サービス,写真・デザイン・装飾・録音,名札・銘板・ネームプレート制作業
1317999,その他サービス,写真・デザイン・装飾・録音,写真・デザイン・装飾・録音デザイン関連
1318001,その他サービス,IT関連産業,ネットワークビジネス業
1318002,その他サービス,IT関連産業,パソコン・ワープロ入力請負業
1318008,その他サービス,IT関連産業,ウェブ制作業
1318010,その他サービス,IT関連産業,サーバ運営業
1318011,その他サービス,IT関連産業,システムインテグレーター
1318012,その他サービス,IT関連産業,ソフトウェアコンサルタント業
1318013,その他サービス,IT関連産業,データベースサービス業
1318020,その他サービス,IT関連産業,プログラム作成情報処理サービス業
1318021,その他サービス,IT関連産業,計算・会計センター
1318022,その他サービス,IT関連産業,救急医療情報テレホンサービス業
1318024,その他サービス,IT関連産業,情報システム開発業
1318026,その他サービス,IT関連産業,情報処理サービス業
1318027,その他サービス,IT関連産業,情報提供サービス業
1318999,その他サービス,IT関連産業,IT関連産業関連
1319001,その他サービス,冠婚葬祭・イベント,パーティー請負業
1319002,その他サービス,冠婚葬祭・イベント,結婚式場業
1319003,その他サービス,冠婚葬祭・イベント,火葬業
1319004,その他サービス,冠婚葬祭・イベント,ウエディング会場
1319005,その他サービス,冠婚葬祭・イベント,結婚式場紹介業
1319006,その他サービス,冠婚葬祭・イベント,結婚相談業
1319007,その他サービス,冠婚葬祭・イベント,斎場
1319009,その他サービス,冠婚葬祭・イベント,葬儀・葬祭業
1319012,その他サービス,冠婚葬祭・イベント,貸ブライダル衣しょう業
1319013,その他サービス,冠婚葬祭・イベント,納骨堂
1319017,その他サービス,冠婚葬祭・イベント,墓地管理業
1319018,その他サービス,冠婚葬祭・イベント,イベント企画業
1319021,その他サービス,冠婚葬祭・イベント,葬儀屋
1319999,その他サービス,冠婚葬祭・イベント,冠婚葬祭・イベント関連
1320001,その他サービス,占い,観相・易占い
1320002,その他サービス,占い,タロット占い
1320005,その他サービス,占い,姓名判断
1320011,その他サービス,占い,占い師・祈祷師
1320012,その他サービス,占い,易占い
1320013,その他サービス,占い,観相
1320015,その他サービス,占い,西洋占い
1320018,その他サービス,占い,風水
1320019,その他サービス,占い,占い
1320023,その他サービス,占い,東洋占い
1320999,その他サービス,占い,占い関連
1321004,その他サービス,ペット関連サービス業,調教師・訓練師
1321006,その他サービス,ペット関連サービス業,ペット美容教室・犬訓練所
1321007,その他サービス,ペット関連サービス業,ペット美容室・関連サービス
1321008,その他サービス,ペット関連サービス業,ペット・ペット用品小売業
1321009,その他サービス,ペット関連サービス業,ペットショップ・ペットホテル
1321999,その他サービス,ペット関連サービス業,ペット関連サービス関連
1322002,その他サービス,介護関連サービス業,介護移送支援・相談サービス業
1322006,その他サービス,介護関連サービス業,高齢者生活福祉センター
1322008,その他サービス,介護関連サービス業,在宅配食サービス業
1322009,その他サービス,介護関連サービス業,施設介護サービス業
1322010,その他サービス,介護関連サービス業,軽費老人ホーム
1322012,その他サービス,介護関連サービス業,デイケアケアプラン作成業
1322015,その他サービス,介護関連サービス業,ケアプラン作成・在宅介護サービス業
1322016,その他サービス,介護関連サービス業,訪問介護事業所
1322999,その他サービス,介護関連サービス業,介護関連サービス業関連
1323001,その他サービス,育児関連サービス業,ベビーシッター
1323002,その他サービス,育児関連サービス業,認可外保育施設・ベビーホテル
1323003,その他サービス,育児関連サービス業,児童相談サービス業
1323999,その他サービス,育児関連サービス業,育児関連サービス関連
1324001,その他サービス,情報提供サービス業,レジャー・スポーツ情報提供サービス業
1324002,その他サービス,情報提供サービス業,イベント情報提供サービス業
1324003,その他サービス,情報提供サービス業,ニュース供給業
1324004,その他サービス,情報提供サービス業,医療保健情報提供サービス業
1324005,その他サービス,情報提供サービス業,各種情報提供サービス業
1324006,その他サービス,情報提供サービス業,教育・学校情報提供サービス業
1324008,その他サービス,情報提供サービス業,気象情報提供サービス業
1324009,その他サービス,情報提供サービス業,求人求職情報提供サービス業
1324010,その他サービス,情報提供サービス業,教養情報提供サービス業
1324011,その他サービス,情報提供サービス業,警察・消防・福祉情報提供サービス業
1324012,その他サービス,情報提供サービス業,交通情報提供サービス業
1324014,その他サービス,情報提供サービス業,住宅情報提供サービス業
1324018,その他サービス,情報提供サービス業,暮らし情報提供サービス業
1324999,その他サービス,情報提供サービス業,情報提供サービス関連
1325001,その他サービス,サービス業関連,スタンプサービス業
1325002,その他サービス,サービス業関連,農業サービス業
1325003,その他サービス,サービス業関連,温泉供給・販売業
1325004,その他サービス,サービス業関連,信用保証機関（クレジットカード保証・身元保証業）
1325005,その他サービス,サービス業関連,差し入れ代行サービス業
1325006,その他サービス,サービス業関連,給食調理サービス業
1325007,その他サービス,サービス業関連,ダイレクトメールサービス業
1325008,その他サービス,サービス業関連,模擬テストサービス業
1325009,その他サービス,サービス業関連,綿打直しサービス業
1325011,その他サービス,サービス業関連,コインロッカー業
1325012,その他サービス,サービス業関連,コピーサービス業
1325013,その他サービス,サービス業関連,サンプル配布業
1325014,その他サービス,サービス業関連,オフィスコーヒーサービス業
1325016,その他サービス,サービス業関連,スペアキー製作・防犯用設備・用品業
1325017,その他サービス,サービス業関連,テープ起こし業
1325018,その他サービス,サービス業関連,テレマーケティング・コールセンター
1325024,その他サービス,サービス業関連,ラッピングサービス業
1325026,その他サービス,サービス業関連,害虫駆除サービス業
1325029,その他サービス,サービス業関連,自動販売機取扱いサービス業
1325030,その他サービス,サービス業関連,起毛織物整理業
1325031,その他サービス,サービス業関連,信書便事業
1325035,その他サービス,サービス業関連,家事サービス業
1325999,その他サービス,サービス業関連,サービス業関連
1401001,出版・印刷,印刷業,ＩＣカード印刷業
1401002,出版・印刷,印刷業,広告印刷サービス業
1401005,出版・印刷,印刷業,カタログ・パンフレット印刷業
1401006,出版・印刷,印刷業,カレンダー印刷業
1401007,出版・印刷,印刷業,グラビア製版業
1401008,出版・印刷,印刷業,グラフィックデザイン印刷業
1401009,出版・印刷,印刷業,シール印刷業
1401010,出版・印刷,印刷業,スクリーン印刷業
1401012,出版・印刷,印刷業,ディスプレイ印刷・サービス業
1401013,出版・印刷,印刷業,はがき印刷業
1401014,出版・印刷,印刷業,パッケージ印刷業
1401015,出版・印刷,印刷業,ビジネスフォーム印刷業
1401016,出版・印刷,印刷業,ラベル・レッテル印刷業
1401017,出版・印刷,印刷業,一般証券印刷業
1401018,出版・印刷,印刷業,印刷業
1401019,出版・印刷,印刷業,印刷サービス業
1401020,出版・印刷,印刷業,金属印刷業
1401021,出版・印刷,印刷業,新聞印刷業
1401022,出版・印刷,印刷業,特殊印刷業
1401023,出版・印刷,印刷業,美術印刷業
1401024,出版・印刷,印刷業,封筒印刷業
1401025,出版・印刷,印刷業,包装印刷業
1401026,出版・印刷,印刷業,包装梱包・機械包装印刷業
1401027,出版・印刷,印刷業,名札・ネームプレート印刷業
1401028,出版・印刷,印刷業,箔押し加工・印刷業
1401029,出版・印刷,印刷業,印刷加工業
1401999,出版・印刷,印刷業,印刷業関連
1402001,出版・印刷,出版業,海図出版業
1402002,出版・印刷,出版業,学習参考書・教科書出版業
1402004,出版・印刷,出版業,学習専門図書出版業
1402005,出版・印刷,出版業,業界誌・専門誌出版業
1402006,出版・印刷,出版業,経営専門図書出版業
1402007,出版・印刷,出版業,建築専門図書出版業
1402008,出版・印刷,出版業,雑誌出版業
1402009,出版・印刷,出版業,自然科学専門図書出版業
1402010,出版・印刷,出版業,音楽出版業
1402011,出版・印刷,出版業,出版社
1402012,出版・印刷,出版業,情報誌出版業
1402013,出版・印刷,出版業,製本業
1402014,出版・印刷,出版業,各種専門図書出版業
1402015,出版・印刷,出版業,装丁業
1402016,出版・印刷,出版業,地図出版業
1402017,出版・印刷,出版業,編集プロダクション
1402018,出版・印刷,出版業,タウン情報誌出版業
1402019,出版・印刷,出版業,写植業
1402999,出版・印刷,出版業,出版業関連
1403001,出版・印刷,印刷・出版関連,ＤＴＰ
1403002,出版・印刷,印刷・出版関連,オリジナルＴシャツプリント製造業
1403003,出版・印刷,印刷・出版関連,スクリーン製版業
1403004,出版・印刷,印刷・出版関連,デジタル製版業
1403005,出版・印刷,印刷・出版関連,フレキソ製版業
1403006,出版・印刷,印刷・出版関連,印刷・印刷サービス業
1403007,出版・印刷,印刷・出版関連,印刷・製本業
1403008,出版・印刷,印刷・出版関連,印刷物加工業
1403009,出版・印刷,印刷・出版関連,建築材印刷業
1403010,出版・印刷,印刷・出版関連,写真製版業
1403011,出版・印刷,印刷・出版関連,精密電子部品印刷業
1403012,出版・印刷,印刷・出版関連,印刷グラフィックデザイン業
1403013,出版・印刷,印刷・出版関連,印刷サービス・印鑑・印章・ゴム印製造業
1403999,出版・印刷,印刷・出版関連,印刷・出版関連
1501001,建設・工事,建設・工事業,エクステリア工事業
1501002,建設・工事,建設・工事業,カッター・コア工事業
1501003,建設・工事,建設・工事業,ガラス工事業
1501004,建設・工事,建設・工事業,コンクリート工事業
1501005,建設・工事,建設・工事業,シャッター据付・工事業
1501006,建設・工事,建設・工事業,タイル工事業
1501008,建設・工事,建設・工事業,とび工事業
1501009,建設・工事,建設・工事業,ひき屋工事業
1501013,建設・工事,建設・工事業,ブロック工事業
1501014,建設・工事,建設・工事業,建築リフォーム工事業
1501017,建設・工事,建設・工事業,煙突工事業
1501018,建設・工事,建設・工事業,屋根工事業
1501019,建設・工事,建設・工事業,介護リフォーム業
1501020,建設・工事,建設・工事業,海事工事業
1501021,建設・工事,建設・工事業,外壁工事業
1501022,建設・工事,建設・工事業,金属製品塗装業
1501023,建設・工事,建設・工事業,型枠大工工事業
1501024,建設・工事,建設・工事業,建具加工・工事業
1501025,建設・工事,建設・工事業,建設業
1501030,建設・工事,建設・工事業,建築検査業
1501031,建設・工事,建設・工事業,建築工事業
1501032,建設・工事,建設・工事業,建築塗装工事業
1501033,建設・工事,建設・工事業,建築板金業
1501034,建設・工事,建設・工事業,建売業
1501035,建設・工事,建設・工事業,建築物解体工事業
1501036,建設・工事,建設・工事業,左官業
1501037,建設・工事,建設・工事業,建設・工事業
1501038,建設・工事,建設・工事業,生コンクリート土木建築工事業
1501039,建設・工事,建設・工事業,石垣築造業
1501041,建設・工事,建設・工事業,装飾業
1501042,建設・工事,建設・工事業,造園業
1501043,建設・工事,建設・工事業,大工工事業
1501044,建設・工事,建設・工事業,大工
1501045,建設・工事,建設・工事業,地盤改良工事業
1501046,建設・工事,建設・工事業,駐車場工事業
1501048,建設・工事,建設・工事業,鉄筋工事業
1501050,建設・工事,建設・工事業,鉄骨・木造建築工事業
1501051,建設・工事,建設・工事業,鉄骨工事業
1501052,建設・工事,建設・工事業,塗装業
1501053,建設・工事,建設・工事業,一般土木建築工事業
1501055,建設・工事,建設・工事業,道路・路面標識工事業
1501056,建設・工事,建設・工事業,特殊コンクリート工事業
1501057,建設・工事,建設・工事業,内装工事業
1501058,建設・工事,建設・工事業,舗装工事業
1501059,建設・工事,建設・工事業,防音工事業
1501060,建設・工事,建設・工事業,防水工事業
1501063,建設・工事,建設・工事業,木造建築工事業
1501999,建設・工事,建設・工事業,建設・工事業関連
1502001,建設・工事,建設資材業,アルミ建材関連業
1502002,建設・工事,建設資材業,エクステリア材関連業
1502003,建設・工事,建設資材業,屋根材料業
1502004,建設・工事,建設資材業,温室設備・防犯用設備業
1502005,建設・工事,建設資材業,建具業
1502007,建設・工事,建設資材業,建材業
1502009,建設・工事,建設資材業,建築材業
1502010,建設・工事,建設資材業,合板製造・卸売業
1502011,建設・工事,建設資材業,床材料・加工業
1502012,建設・工事,建設資材業,水道材業
1502013,建設・工事,建設資材業,断熱材業
1502016,建設・工事,建設資材業,土木建築材料・水処理装置整備業
1502017,建設・工事,建設資材業,配管材料業
1502018,建設・工事,建設資材業,壁材料業
1502019,建設・工事,建設資材業,防音材料業
1502020,建設・工事,建設資材業,銘木製造業
1502021,建設・工事,建設資材業,木材・パルプ貿易業
1502999,建設・工事,建設資材業,建設資材業関連
1503001,建設・工事,設備工事業,エレベーター工事業
1503002,建設・工事,設備工事業,ガス工事業
1503005,建設・工事,設備工事業,管工事業
1503006,建設・工事,設備工事業,機械据付工事業
1503007,建設・工事,設備工事業,空調設備工事業
1503008,建設・工事,設備工事業,除雪機・融雪装置製造・整備業
1503009,建設・工事,設備工事業,信号装置製造・整備業
1503010,建設・工事,設備工事業,水処理装置製造・整備業
1503011,建設・工事,設備工事業,水槽設備工事業
1503012,建設・工事,設備工事業,水道衛生工事・保守業
1503013,建設・工事,設備工事業,水道業
1503014,建設・工事,設備工事業,断熱工事業
1503015,建設・工事,設備工事業,築炉工事業
1503016,建設・工事,設備工事業,通信設備工事業
1503017,建設・工事,設備工事業,鉄鋼工業管工事業
1503018,建設・工事,設備工事業,電気設備工事業
1503020,建設・工事,設備工事業,電線工事業
1503021,建設・工事,設備工事業,電話工事業
1503022,建設・工事,設備工事業,塗装工事業
1503023,建設・工事,設備工事業,冷凍設備工事業
1503024,建設・工事,設備工事業,配管工事業
1503999,建設・工事,設備工事業,設備工事業関連
1504001,建設・工事,住宅設備業,風呂釜・浴槽リフォーム工事業
1504002,建設・工事,住宅設備業,分譲住宅リフォーム工事業
1504003,建設・工事,住宅設備業,壁紙工事業
1504004,建設・工事,住宅設備業,建築リフォーム業
1504005,建設・工事,住宅設備業,冷暖房設備工事業
1504006,建設・工事,住宅設備業,オーダーカーテン
1504007,建設・工事,住宅設備業,日本びょうぶ等製造業
1504008,建設・工事,住宅設備業,畳小売業
1504009,建設・工事,住宅設備業,消防用設備・用品・保守点検用品業
1504010,建設・工事,住宅設備業,水道金物材料業
1504011,建設・工事,住宅設備業,電気器具取付業
1504012,建設・工事,住宅設備業,配管・土木建築材料業
1504013,建設・工事,住宅設備業,表具業
1504014,建設・工事,住宅設備業,表装業
1504015,建設・工事,住宅設備業,風呂釜・浴槽ボイラー設備業
1504016,建設・工事,住宅設備業,防犯用設備工事業
1504999,建設・工事,住宅設備業,住宅設備業関連
1505001,建設・工事,建設・工事関連,アパート・マンション木材店
1505002,建設・工事,建設・工事関連,インテリア用品店・リフォーム工事業
1505003,建設・工事,建設・工事関連,ウェルポイント工事業
1505004,建設・工事,建設・工事関連,エアコン工事業
1505005,建設・工事,建設・工事関連,エナメル塗装業
1505006,建設・工事,建設・工事関連,カーテンウォール工事業
1505007,建設・工事,建設・工事関連,ガス工業消火設備工事業
1505008,建設・工事,建設・工事関連,ガス配管工事業
1505009,建設・工事,建設・工事関連,かやぶき屋根工事業
1505010,建設・工事,建設・工事関連,かわら屋根工事業
1505011,建設・工事,建設・工事関連,くい打工事業
1505012,建設・工事,建設・工事関連,工事業関連
1505013,建設・工事,建設・工事関連,ゴルフ場工事業
1505014,建設・工事,建設・工事関連,コンクリート打設工事業
1505015,建設・工事,建設・工事関連,サウナ設備設計業
1505016,建設・工事,建設・工事関連,さく井工事業
1505017,建設・工事,建設・工事関連,さく泉工事業
1505018,建設・工事,建設・工事関連,シャッター防犯用設備業
1505019,建設・工事,建設・工事関連,しゅんせつ工事業
1505020,建設・工事,建設・工事関連,テレビ放送設備工事
1505021,建設・工事,建設・工事関連,ネオン工事業
1505022,建設・工事,建設・工事関連,はつり業
1505023,建設・工事,建設・工事関連,ピアノ調律師・防音工事業
1505027,建設・工事,建設・工事関連,井戸工事業
1505028,建設・工事,建設・工事関連,雨どい工事業
1505029,建設・工事,建設・工事関連,衛生設備工事業
1505030,建設・工事,建設・工事関連,屋上緑化工事業
1505032,建設・工事,建設・工事関連,下水道処理施設維持管理業
1505033,建設・工事,建設・工事関連,火災報知機工事業
1505034,建設・工事,建設・工事関連,看板製作業
1505035,建設・工事,建設・工事関連,缶・管工事業
1505036,建設・工事,建設・工事関連,宮大工
1505037,建設・工事,建設・工事関連,給排水工事業
1505038,建設・工事,建設・工事関連,橋りょう工事業
1505039,建設・工事,建設・工事関連,金属製屋根工事業
1505040,建設・工事,建設・工事関連,空調設備工事空調機械業
1505041,建設・工事,建設・工事関連,計装工事業
1505043,建設・工事,建設・工事関連,管・配管工事業
1505044,建設・工事,建設・工事関連,建具工事業
1505046,建設・工事,建設・工事関連,建設揚重業
1505047,建設・工事,建設・工事関連,建築金物ディスプレイ業
1505048,建設・工事,建設・工事関連,再生木材業
1505049,建設・工事,建設・工事関連,自動ドア設置工事業
1505050,建設・工事,建設・工事関連,室内装飾工事業
1505051,建設・工事,建設・工事関連,床工事業
1505052,建設・工事,建設・工事関連,昇降設備工事業
1505054,建設・工事,建設・工事関連,消防用設備点検・消火設備工事業
1505057,建設・工事,建設・工事関連,石工工事業
1505058,建設・工事,建設・工事関連,潜水工事業
1505059,建設・工事,建設・工事関連,大工・型枠大工工事業
1505060,建設・工事,建設・工事関連,通信土木工事業
1505061,建設・工事,建設・工事関連,電気工事業
1505062,建設・工事,建設・工事関連,電波障害処理業
1505064,建設・工事,建設・工事関連,道路標識設置工事業
1505065,建設・工事,建設・工事関連,熱絶縁工事業
1505066,建設・工事,建設・工事関連,防水・屋根工事業
1505999,建設・工事,建設・工事関連,建設・工事関連
1601005,農林・水産・鉱業,農業・林業,きのこ栽培業
1601014,農林・水産・鉱業,農業・林業,ハーブ園
1601021,農林・水産・鉱業,農業・林業,穀作サービス業
1601025,農林・水産・鉱業,農業・林業,ばれいしょ・かんしょ作農業
1601026,農林・水産・鉱業,農業・林業,温室栽培業
1601028,農林・水産・鉱業,農業・林業,果樹作・野菜作サービス業
1601029,農林・水産・鉱業,農業・林業,果樹作サービス業
1601032,農林・水産・鉱業,農業・林業,野菜作サービス業
1601037,農林・水産・鉱業,農業・林業,農園・農場
1601038,農林・水産・鉱業,農業・林業,米作農業
1601039,農林・水産・鉱業,農業・林業,野菜作農業
1601040,農林・水産・鉱業,農業・林業,きのこ採取業
1601041,農林・水産・鉱業,農業・林業,ひき（挽）材業
1601042,農林・水産・鉱業,農業・林業,育林業
1601043,農林・水産・鉱業,農業・林業,漆工・漆器業
1601044,農林・水産・鉱業,農業・林業,製薪炭業
1601045,農林・水産・鉱業,農業・林業,素材生産・サービス業
1601999,農林・水産・鉱業,農業・林業,農業・林業関連
1602003,農林・水産・鉱業,園芸,植木職
1602004,農林・水産・鉱業,園芸,植木栽培販売・卸売業
1602005,農林・水産・鉱業,園芸,造園工事業
1602006,農林・水産・鉱業,園芸,苗木店
1602007,農林・水産・鉱業,園芸,盆栽業
1602008,農林・水産・鉱業,園芸,育苗センター
1602009,農林・水産・鉱業,園芸,種苗養殖業
1602010,農林・水産・鉱業,園芸,種苗商
1602013,農林・水産・鉱業,園芸,園芸サービス業
1602014,農林・水産・鉱業,園芸,花き作農業
1602015,農林・水産・鉱業,園芸,園芸用品店
1602999,農林・水産・鉱業,園芸,園芸関連
1603008,農林・水産・鉱業,水産業,さんご養殖・加工業
1603013,農林・水産・鉱業,水産業,養殖業・養殖場
1603014,農林・水産・鉱業,水産業,海苔生産加工業
1603016,農林・水産・鉱業,水産業,海面漁業
1603017,農林・水産・鉱業,水産業,漁業・水産業
1603021,農林・水産・鉱業,水産業,定置網漁業
1603999,農林・水産・鉱業,水産業,水産業関連
1604001,農林・水産・鉱業,畜産業,と畜場
1604002,農林・水産・鉱業,畜産業,ふ卵業
1604003,農林・水産・鉱業,畜産業,家畜業
1604004,農林・水産・鉱業,畜産業,家畜人工授精業
1604007,農林・水産・鉱業,畜産業,種鶏業
1604008,農林・水産・鉱業,畜産業,畜産・畜産類似業
1604011,農林・水産・鉱業,畜産業,畜産サービス業
1604012,農林・水産・鉱業,畜産業,養鶏業
1604013,農林・水産・鉱業,畜産業,養蚕農業
1604014,農林・水産・鉱業,畜産業,ウサギ畜産業
1604015,農林・水産・鉱業,畜産業,養豚業
1604016,農林・水産・鉱業,畜産業,養蜂業・養蜂場
1604017,農林・水産・鉱業,畜産業,キジ畜産業
1604018,農林・水産・鉱業,畜産業,養鶉業・養鶉場
1604999,農林・水産・鉱業,畜産業,畜産業関連
1605005,農林・水産・鉱業,鉱業・エネルギー,鉛鉱業
1605006,農林・水産・鉱業,鉱業・エネルギー,火山灰採掘業
1605008,農林・水産・鉱業,鉱業・エネルギー,鉱業
1605010,農林・水産・鉱業,鉱業・エネルギー,オイルタンク貯蔵業
1605011,農林・水産・鉱業,鉱業・エネルギー,石油卸売業
1605012,農林・水産・鉱業,鉱業・エネルギー,石油開発事業
1605013,農林・水産・鉱業,鉱業・エネルギー,石油精製業
1605014,農林・水産・鉱業,鉱業・エネルギー,煉炭業
1605999,農林・水産・鉱業,鉱業・エネルギー,鉱業・エネルギー関連
1606003,農林・水産・鉱業,農林・水産・鉱業関連,鉱山業
1606008,農林・水産・鉱業,農林・水産・鉱業関連,うるし採取業
1606009,農林・水産・鉱業,農林・水産・鉱業関連,温泉供給業
1606010,農林・水産・鉱業,農林・水産・鉱業関連,真珠養殖業
1606011,農林・水産・鉱業,農林・水産・鉱業関連,脱穀業
1606012,農林・水産・鉱業,農林・水産・鉱業関連,石細工業
1606999,農林・水産・鉱業,農林・水産・鉱業関連,農林・水産・鉱業関連
1701003,製造・加工,衣料関連,エプロン製造業
1701004,製造・加工,衣料関連,シャツ製造業
1701007,製造・加工,衣料関連,製糸業
1701008,製造・加工,衣料関連,外衣製造業
1701009,製造・加工,衣料関連,スカーフ製造業
1701010,製造・加工,衣料関連,スポーツウェア製造業
1701012,製造・加工,衣料関連,ちりめん織製造業
1701014,製造・加工,衣料関連,刺しゅう製造業
1701016,製造・加工,衣料関連,テーラーショップ
1701017,製造・加工,衣料関連,ナイトウェア製造卸売業
1701019,製造・加工,衣料関連,ニット生地製造業
1701020,製造・加工,衣料関連,ニット製品製造業
1701021,製造・加工,衣料関連,ブラウス製造業
1701023,製造・加工,衣料関連,ベビー服製造業
1701025,製造・加工,衣料関連,ワイシャツ製造・卸売業
1701027,製造・加工,衣料関連,衣料製造・卸売業
1701029,製造・加工,衣料関連,下着製造・卸売業
1701030,製造・加工,衣料関連,化学繊維製造・加工業
1701031,製造・加工,衣料関連,化学繊維紡績業
1701032,製造・加工,衣料関連,革ベルト製造業（服装用）
1701033,製造・加工,衣料関連,久留米がすり製造業
1701035,製造・加工,衣料関連,靴下製造業
1701037,製造・加工,衣料関連,手袋製造業
1701039,製造・加工,衣料関連,上田つむぎ製造業
1701040,製造・加工,衣料関連,織物製衣料製造業
1701043,製造・加工,衣料関連,作業用服製造業
1701044,製造・加工,衣料関連,紳士・少年服製造業
1701045,製造・加工,衣料関連,制服製造業
1701046,製造・加工,衣料関連,大島つむぎ製造業
1701047,製造・加工,衣料関連,繊維製品製造業
1701048,製造・加工,衣料関連,博多織製造業
1701050,製造・加工,衣料関連,皮革衣料製造・卸売業
1701051,製造・加工,衣料関連,婦人子供服製造・卸売業
1701053,製造・加工,衣料関連,縫製加工業
1701054,製造・加工,衣料関連,綿織物業
1701055,製造・加工,衣料関連,毛織物業
1701056,製造・加工,衣料関連,毛皮製造業
1701057,製造・加工,衣料関連,シリコーンクロス製造業
1701058,製造・加工,衣料関連,帽子材料製造業
1701059,製造・加工,衣料関連,帽子製造業
1701061,製造・加工,衣料関連,フェルト製造業
1701062,製造・加工,衣料関連,ゴム入織物業
1701064,製造・加工,衣料関連,金銀糸製造・加工業
1701065,製造・加工,衣料関連,絹織物業
1701067,製造・加工,衣料関連,織物業
1701070,製造・加工,衣料関連,生糸製造業
1701071,製造・加工,衣料関連,衣料精錬業
1701072,製造・加工,衣料関連,西陣織製造業
1701073,製造・加工,衣料関連,染色業
1701076,製造・加工,衣料関連,染物業
1701078,製造・加工,衣料関連,麻織物業
1701080,製造・加工,衣料関連,友禅染製造業
1701081,製造・加工,衣料関連,帯製造業
1701085,製造・加工,衣料関連,和装製品製造業
1701999,製造・加工,衣料関連,衣料関連
1702001,製造・加工,生活雑貨･日用品,シーツ製造業
1702002,製造・加工,生活雑貨･日用品,ゴムひも製造業
1702003,製造・加工,生活雑貨･日用品,こたつ掛け毛布製造業
1702005,製造・加工,生活雑貨･日用品,カーテン製造業
1702008,製造・加工,生活雑貨･日用品,タオル・手拭い製造業
1702010,製造・加工,生活雑貨･日用品,衛生マスク製造業
1702012,製造・加工,生活雑貨･日用品,セロファン袋製造業
1702013,製造・加工,生活雑貨･日用品,サイジング加工業
1702014,製造・加工,生活雑貨･日用品,テント・シート製造業
1702015,製造・加工,生活雑貨･日用品,ハンカチーフ製造業
1702017,製造・加工,生活雑貨･日用品,ふろしき製造業
1702019,製造・加工,生活雑貨･日用品,まくら製造業
1702020,製造・加工,生活雑貨･日用品,意匠紋紙・紋意匠製造業
1702021,製造・加工,生活雑貨･日用品,麻袋製造業
1702022,製造・加工,生活雑貨･日用品,織ネーム・マーク製造業
1702025,製造・加工,生活雑貨･日用品,羽毛成品製造業
1702027,製造・加工,生活雑貨･日用品,おけ製造業
1702028,製造・加工,生活雑貨･日用品,かさ製造業
1702032,製造・加工,生活雑貨･日用品,スリッパ製造業
1702034,製造・加工,生活雑貨･日用品,たらい製造業
1702035,製造・加工,生活雑貨･日用品,たる製造業
1702039,製造・加工,生活雑貨･日用品,びょうぶ製造業
1702040,製造・加工,生活雑貨･日用品,ブラインド製造業
1702041,製造・加工,生活雑貨･日用品,ふるい製造業
1702044,製造・加工,生活雑貨･日用品,ろうそく製造業
1702046,製造・加工,生活雑貨･日用品,下駄製造業
1702047,製造・加工,生活雑貨･日用品,果物サンプル製造業
1702050,製造・加工,生活雑貨･日用品,掛け軸製造業
1702051,製造・加工,生活雑貨･日用品,記章製造業
1702052,製造・加工,生活雑貨･日用品,空手用具製造業
1702053,製造・加工,生活雑貨･日用品,剣道用具製造業
1702054,製造・加工,生活雑貨･日用品,建具製造業
1702056,製造・加工,生活雑貨･日用品,漆工芸品製造業
1702058,製造・加工,生活雑貨･日用品,将棋用品製造業
1702059,製造・加工,生活雑貨･日用品,畳製造業
1702061,製造・加工,生活雑貨･日用品,台所用品製造業
1702063,製造・加工,生活雑貨･日用品,太鼓製造業
1702065,製造・加工,生活雑貨･日用品,合成皮革加工業
1702066,製造・加工,生活雑貨･日用品,日用品雑貨製造業
1702067,製造・加工,生活雑貨･日用品,ざる製造業
1702071,製造・加工,生活雑貨･日用品,理・美容用品製造業
1702072,製造・加工,生活雑貨･日用品,たばこ入れ製造業
1702075,製造・加工,生活雑貨･日用品,うちわ製造業
1702077,製造・加工,生活雑貨･日用品,サングラス製造業
1702078,製造・加工,生活雑貨･日用品,すだれ製造業
1702079,製造・加工,生活雑貨･日用品,ふすま製造業
1702084,製造・加工,生活雑貨･日用品,ボタン製造業
1702088,製造・加工,生活雑貨･日用品,化粧品製造業
1702089,製造・加工,生活雑貨･日用品,折箱・木箱製造業
1702090,製造・加工,生活雑貨･日用品,家具製造業
1702092,製造・加工,生活雑貨･日用品,幕旗製造業
1702093,製造・加工,生活雑貨･日用品,応接セット製造業
1702094,製造・加工,生活雑貨･日用品,書道用品製造業
1702099,製造・加工,生活雑貨･日用品,革手袋製造業
1702100,製造・加工,生活雑貨･日用品,入浴剤製造・販売業
1702101,製造・加工,生活雑貨･日用品,文具・事務用品製造・卸売業
1702999,製造・加工,生活雑貨･日用品,生活雑貨･日用品関連
1703003,製造・加工,服飾雑貨・趣味・民芸・工芸品,かばん製造業
1703010,製造・加工,服飾雑貨・趣味・民芸・工芸品,革靴製造・修理業
1703011,製造・加工,服飾雑貨・趣味・民芸・工芸品,スポーツシューズ製造業
1703013,製造・加工,服飾雑貨・趣味・民芸・工芸品,靴材料製造業
1703014,製造・加工,服飾雑貨・趣味・民芸・工芸品,財布製造業
1703015,製造・加工,服飾雑貨・趣味・民芸・工芸品,袋物製造業
1703016,製造・加工,服飾雑貨・趣味・民芸・工芸品,葬具・仏具製造業
1703020,製造・加工,服飾雑貨・趣味・民芸・工芸品,仏壇・仏具店・みこし製造業
1703021,製造・加工,服飾雑貨・趣味・民芸・工芸品,仏壇・仏具製造業
1703022,製造・加工,服飾雑貨・趣味・民芸・工芸品,仏壇製造・仏壇・仏具店
1703028,製造・加工,服飾雑貨・趣味・民芸・工芸品,寺院用具製造・用具店
1703029,製造・加工,服飾雑貨・趣味・民芸・工芸品,三方製造・線香・薫香製造業
1703031,製造・加工,服飾雑貨・趣味・民芸・工芸品,宝石アクセサリー製造業
1703032,製造・加工,服飾雑貨・趣味・民芸・工芸品,宝石加工業
1703035,製造・加工,服飾雑貨・趣味・民芸・工芸品,だるま製造業
1703036,製造・加工,服飾雑貨・趣味・民芸・工芸品,ちょうちん製造業
1703038,製造・加工,服飾雑貨・趣味・民芸・工芸品,のぼり製造業
1703040,製造・加工,服飾雑貨・趣味・民芸・工芸品,みこし製造業
1703043,製造・加工,服飾雑貨・趣味・民芸・工芸品,工芸品製造業
1703045,製造・加工,服飾雑貨・趣味・民芸・工芸品,欄間製造業
1703047,製造・加工,服飾雑貨・趣味・民芸・工芸品,わら工品製造業
1703048,製造・加工,服飾雑貨・趣味・民芸・工芸品,い草製品製造業
1703050,製造・加工,服飾雑貨・趣味・民芸・工芸品,かざり職
1703054,製造・加工,服飾雑貨・趣味・民芸・工芸品,エレキギター製造業
1703055,製造・加工,服飾雑貨・趣味・民芸・工芸品,オーディオ機器製造業
1703063,製造・加工,服飾雑貨・趣味・民芸・工芸品,スポーツ用品製造業
1703064,製造・加工,服飾雑貨・趣味・民芸・工芸品,額縁製造業
1703066,製造・加工,服飾雑貨・趣味・民芸・工芸品,琴製造業
1703067,製造・加工,服飾雑貨・趣味・民芸・工芸品,三味線製造業
1703068,製造・加工,服飾雑貨・趣味・民芸・工芸品,尺八製造業
1703069,製造・加工,服飾雑貨・趣味・民芸・工芸品,人形製造業
1703071,製造・加工,服飾雑貨・趣味・民芸・工芸品,模型製造業
1703072,製造・加工,服飾雑貨・趣味・民芸・工芸品,木型モデル製造業
1703073,製造・加工,服飾雑貨・趣味・民芸・工芸品,ゲーム盤製造業
1703999,製造・加工,服飾雑貨・趣味・民芸・工芸品,趣味雑貨関連
1704006,製造・加工,食料品,砂糖製造業
1704014,製造・加工,食料品,かつおぶし製造業
1704016,製造・加工,食料品,かまぼこ製造業
1704020,製造・加工,食料品,かん詰製造業
1704021,製造・加工,食料品,こうじ製造業
1704024,製造・加工,食料品,こんにゃく製造業
1704026,製造・加工,食料品,しみ豆腐製造業
1704027,製造・加工,食料品,ジャム・マーマレード製造業
1704029,製造・加工,食料品,するめ製造業
1704032,製造・加工,食料品,そう（惣）菜製造業
1704034,製造・加工,食料品,ソース製造業
1704038,製造・加工,食料品,そば粉・そば製造業
1704039,製造・加工,食料品,チーズ製造業
1704040,製造・加工,食料品,ちくわ製造業
1704044,製造・加工,食料品,でんぷん製造業
1704046,製造・加工,食料品,とろろこんぶ製造業
1704048,製造・加工,食料品,はちみつ加工業
1704049,製造・加工,食料品,水産練製品製造業
1704051,製造・加工,食料品,パン製造業
1704052,製造・加工,食料品,パン製造福祉施設
1704053,製造・加工,食料品,パン粉製造業
1704054,製造・加工,食料品,瓶詰製造業
1704055,製造・加工,食料品,もやし栽培農業
1704057,製造・加工,食料品,ゆば製造業
1704058,製造・加工,食料品,よせ物製造業
1704059,製造・加工,食料品,レトルト食品製造業
1704060,製造・加工,食料品,海藻加工業
1704062,製造・加工,食料品,わさび漬け製造業
1704064,製造・加工,食料品,栄養補助食品製造業
1704065,製造・加工,食料品,液卵製造業
1704066,製造・加工,食料品,塩魚製造業
1704067,製造・加工,食料品,加工卵製造業
1704069,製造・加工,食料品,菓子製造業
1704071,製造・加工,食料品,乾燥果物製造業
1704072,製造・加工,食料品,乾燥野菜製造業
1704073,製造・加工,食料品,寒天製造業
1704075,製造・加工,食料品,業務用食料品製造業
1704076,製造・加工,食料品,健康食品製造業
1704080,製造・加工,食料品,自然食品製造業
1704084,製造・加工,食料品,食肉加工業
1704085,製造・加工,食料品,食品工業
1704086,製造・加工,食料品,食用油脂加工業
1704087,製造・加工,食料品,食料品製造業
1704088,製造・加工,食料品,水産珍味加工品製造業
1704090,製造・加工,食料品,精麦業
1704091,製造・加工,食料品,精米業
1704093,製造・加工,食料品,缶詰製造業
1704094,製造・加工,食料品,製氷業
1704095,製造・加工,食料品,製粉業
1704096,製造・加工,食料品,製めん業
1704098,製造・加工,食料品,調味料製造業
1704099,製造・加工,食料品,調理パン製造業
1704101,製造・加工,食料品,漬物製造業
1704103,製造・加工,食料品,豆腐製造業
1704105,製造・加工,食料品,豆類製造業
1704106,製造・加工,食料品,乳製品製造業
1704110,製造・加工,食料品,農業加工業
1704112,製造・加工,食料品,梅漬け製造業
1704113,製造・加工,食料品,米油製造業
1704115,製造・加工,食料品,味付けのり製造業
1704116,製造・加工,食料品,もち製造業
1704117,製造・加工,食料品,野菜漬物製造業
1704119,製造・加工,食料品,揚げかまぼこ製造業
1704122,製造・加工,食料品,冷凍食品製造業
1704124,製造・加工,食料品,ふ・焼ふ製造業
1704128,製造・加工,食料品,ジュース製造業
1704131,製造・加工,食料品,ミネラルウォーター製造業
1704132,製造・加工,食料品,果実飲料・果実酒製造業
1704137,製造・加工,食料品,酒製造業
1704139,製造・加工,食料品,清涼飲料製造業
1704142,製造・加工,食料品,製茶業
1704144,製造・加工,食料品,乳酸菌飲料製造業
1704146,製造・加工,食料品,コーヒー製造業
1704999,製造・加工,食料品,食料品製造業関連
1705001,製造・加工,木製品・紙・パルプ製品,たる・おけ製造業
1705002,製造・加工,木製品・紙・パルプ製品,サッシ製造業（木製）
1705004,製造・加工,木製品・紙・パルプ製品,まくら木製造業
1705005,製造・加工,木製品・紙・パルプ製品,ログハウス関連製造業
1705006,製造・加工,木製品・紙・パルプ製品,はし製造業
1705010,製造・加工,木製品・紙・パルプ製品,工芸品製造・加工業
1705011,製造・加工,木製品・紙・パルプ製品,枝炭製造業
1705012,製造・加工,木製品・紙・パルプ製品,製材業
1705013,製造・加工,木製品・紙・パルプ製品,竹細工製造業
1705014,製造・加工,木製品・紙・パルプ製品,木ばし製造業
1705015,製造・加工,木製品・紙・パルプ製品,木型製造業
1705016,製造・加工,木製品・紙・パルプ製品,木工業
1705018,製造・加工,木製品・紙・パルプ製品,木材チップ製造業
1705019,製造・加工,木製品・紙・パルプ製品,木材薬品処理業
1705021,製造・加工,木製品・紙・パルプ製品,木製品製造業
1705022,製造・加工,木製品・紙・パルプ製品,木炭製造業
1705024,製造・加工,木製品・紙・パルプ製品,木箱製造業
1705025,製造・加工,木製品・紙・パルプ製品,製紙原料業
1705027,製造・加工,木製品・紙・パルプ製品,段ボール製造業
1705030,製造・加工,木製品・紙・パルプ製品,箱製造業
1705034,製造・加工,木製品・紙・パルプ製品,こうぞ紙製造業
1705037,製造・加工,木製品・紙・パルプ製品,ふすま紙製造業
1705040,製造・加工,木製品・紙・パルプ製品,紙加工品製造業
1705041,製造・加工,木製品・紙・パルプ製品,紙管製造業
1705043,製造・加工,木製品・紙・パルプ製品,紙器製造業
1705045,製造・加工,木製品・紙・パルプ製品,紙裁断業
1705047,製造・加工,木製品・紙・パルプ製品,紙製品製造業
1705050,製造・加工,木製品・紙・パルプ製品,油紙製造業
1705051,製造・加工,木製品・紙・パルプ製品,和紙製造業
1705999,製造・加工,木製品・紙・パルプ製品,木製品・紙・パルプ製品関連
1706001,製造・加工,窯業,アスベスト製造業
1706003,製造・加工,窯業,ガラス加工品製造業
1706004,製造・加工,窯業,ガラス工芸品製造業
1706005,製造・加工,窯業,ガラス食器製造・卸売業
1706006,製造・加工,窯業,ガラス製造・卸売業
1706007,製造・加工,窯業,ガラス繊維・製品製造業
1706009,製造・加工,窯業,ガラス容器製造業
1706010,製造・加工,窯業,粘土かわら製造業
1706011,製造・加工,窯業,かわら製造業
1706012,製造・加工,窯業,けいそう土製造・鉱業
1706013,製造・加工,窯業,コンクリート製品製造業
1706014,製造・加工,窯業,ステンドグラス製造業
1706015,製造・加工,窯業,すりガラス製造業
1706016,製造・加工,窯業,スレート製造業
1706018,製造・加工,窯業,セラミックス製品業
1706019,製造・加工,窯業,タイル製造業
1706020,製造・加工,窯業,ナプキン製造業
1706022,製造・加工,窯業,瓶製造業
1706023,製造・加工,窯業,ほうろう製品製造業
1706024,製造・加工,窯業,眼鏡用ガラス製造業
1706025,製造・加工,窯業,るつぼ製造業
1706026,製造・加工,窯業,れんが製造業
1706027,製造・加工,窯業,レンズ製造業
1706028,製造・加工,窯業,理化学用・医療用ガラス器具製造業
1706030,製造・加工,窯業,衛生設備・陶器製造業
1706032,製造・加工,窯業,鏡製造業
1706033,製造・加工,窯業,研磨材・研磨剤製品製造業
1706034,製造・加工,窯業,合わせガラス製造業
1706035,製造・加工,窯業,砕石製造業
1706036,製造・加工,窯業,七宝焼製造業
1706037,製造・加工,窯業,植木鉢製造業
1706038,製造・加工,窯業,陶磁器製型・製版業
1706039,製造・加工,窯業,人造石材製造業
1706040,製造・加工,窯業,人造宝石製造業
1706045,製造・加工,窯業,石工品製造業
1706047,製造・加工,窯業,耐火粘土鉱業
1706050,製造・加工,窯業,陶磁器製タイル・置物製造業
1706051,製造・加工,窯業,ベントナイト鉱業
1706052,製造・加工,窯業,墓石製造業
1706053,製造・加工,窯業,窯炉製造業
1706999,製造・加工,窯業,窯業関連
1707001,製造・加工,鉄鋼製品,ダイカスト業
1707002,製造・加工,鉄鋼製品,フランジ継ぎ手製造業
1707003,製造・加工,鉄鋼製品,金属切削加工業
1707004,製造・加工,鉄鋼製品,金属鍛造業
1707005,製造・加工,鉄鋼製品,金属鋳造業
1707006,製造・加工,鉄鋼製品,形鋼製造業
1707007,製造・加工,鉄鋼製品,鋼管製造業
1707008,製造・加工,鉄鋼製品,鋼材製造業
1707009,製造・加工,鉄鋼製品,製鋼製鉄業
1707010,製造・加工,鉄鋼製品,鍛鋼製造業
1707011,製造・加工,鉄鋼製品,鉄鋼業
1707012,製造・加工,鉄鋼製品,鉄・鋼線製造業
1707013,製造・加工,鉄鋼製品,溶接業
1707014,製造・加工,鉄鋼製品,可鍛鋳鉄製造業
1707015,製造・加工,鉄鋼製品,かじ業
1707016,製造・加工,鉄鋼製品,ドラム缶製造業
1707018,製造・加工,鉄鋼製品,鉄鉱業
1707021,製造・加工,鉄鋼製品,南部鉄器製造業
1707022,製造・加工,鉄鋼製品,刀剣鍛造・研磨業
1707999,製造・加工,鉄鋼製品,鉄鋼製品関連
1708001,製造・加工,非鉄金属製品,アルマイト加工業
1708006,製造・加工,非鉄金属製品,すず・亜鉛・鉛関連製造業
1708009,製造・加工,非鉄金属製品,ステンレス製品製造業
1708010,製造・加工,非鉄金属製品,非鉄金属鍛造品製造業
1708012,製造・加工,非鉄金属製品,非鉄金属地小売業
1708014,製造・加工,非鉄金属製品,金銀糸製造業
1708015,製造・加工,非鉄金属製品,アルミニウム製品製造業
1708017,製造・加工,非鉄金属製品,ステンレス製品製造・加工業
1708018,製造・加工,非鉄金属製品,水晶製品業
1708019,製造・加工,非鉄金属製品,はんだ製品製造業
1708020,製造・加工,非鉄金属製品,ピストンリング製造業
1708021,製造・加工,非鉄金属製品,亜鉛鉄板製造業
1708022,製造・加工,非鉄金属製品,伸銅品製造業
1708023,製造・加工,非鉄金属製品,電線製造業
1708024,製造・加工,非鉄金属製品,銅器製品製造業
1708025,製造・加工,非鉄金属製品,銅像・塑像製造業
1708999,製造・加工,非鉄金属製品,非鉄金属製品関連
1709001,製造・加工,金属製品,やかん製造業
1709002,製造・加工,金属製品,やすり製造業
1709004,製造・加工,金属製品,亜鉛鉱業
1709006,製造・加工,金属製品,鉛製錬・精製業
1709007,製造・加工,金属製品,押し出しチューブ製造業
1709008,製造・加工,金属製品,温水器製造業
1709009,製造・加工,金属製品,家具金物製造卸売業
1709011,製造・加工,金属製品,機械工業用刃物製造業
1709012,製造・加工,金属製品,機械部分品熱処理業
1709013,製造・加工,金属製品,金庫製造業
1709014,製造・加工,金属製品,金属はく粉製造業
1709015,製造・加工,金属製品,金属プレス業
1709018,製造・加工,金属製品,金属圧延業
1709019,製造・加工,金属製品,金属加工品製造業
1709025,製造・加工,金属製品,金属彫刻業
1709027,製造・加工,金属製品,金属熱処理金属鋳造業
1709028,製造・加工,金属製品,金属表面処理業
1709029,製造・加工,金属製品,金物類製造業
1709031,製造・加工,金属製品,金網製造業
1709032,製造・加工,金属製品,洋食器製造業
1709033,製造・加工,金属製品,継手製造業（パイプ）
1709034,製造・加工,金属製品,合金製品製造業
1709035,製造・加工,金属製品,雑貨製造業（金属製）
1709036,製造・加工,金属製品,製缶板金業
1709037,製造・加工,金属製品,電線・ケーブル製造業
1709038,製造・加工,金属製品,船舶用金具製造業
1709039,製造・加工,金属製品,鉄骨めっき業
1709040,製造・加工,金属製品,電気めっき業
1709041,製造・加工,金属製品,鉄鋼缶製造業
1709042,製造・加工,金属製品,鉄鋼金属切削加工業
1709043,製造・加工,金属製品,金属熱処理業
1709044,製造・加工,金属製品,農業用資材めっき業
1709045,製造・加工,金属製品,板金製品製造業
1709046,製造・加工,金属製品,粉末や金製品製造業
1709047,製造・加工,金属製品,蚕具製造業
1709048,製造・加工,金属製品,彫刻物製造業
1709049,製造・加工,金属製品,製鋼業
1709050,製造・加工,金属製品,鉄骨工業
1709051,製造・加工,金属製品,溶接業・医療用機器製造業
1709052,製造・加工,金属製品,溶接業・金属鍛造業
1709053,製造・加工,金属製品,溶接業・鉄鋼工業
1709054,製造・加工,金属製品,溶接業・鉄骨工業
1709055,製造・加工,金属製品,溶接用機械・器具製造業
1709057,製造・加工,金属製品,ブリキ缶製品製造業
1709059,製造・加工,金属製品,かばん金具製造業
1709060,製造・加工,金属製品,くぎ製造業
1709061,製造・加工,金属製品,チェーン製造業
1709062,製造・加工,金属製品,ねじ製造業
1709063,製造・加工,金属製品,金属製スプリング製造業
1709064,製造・加工,金属製品,ダイカスト業・金属切削加工業
1709065,製造・加工,金属製品,刃物製造業
1709067,製造・加工,金属製品,溶融めっき業
1709999,製造・加工,金属製品,金属製品関連
1710002,製造・加工,化学・ゴム・プラスチック製品,アクリル板加工製品製造業
1710003,製造・加工,化学・ゴム・プラスチック製品,アドバルーン製造業
1710004,製造・加工,化学・ゴム・プラスチック製品,エナメル製造業
1710006,製造・加工,化学・ゴム・プラスチック製品,カーボンブラック製造業
1710009,製造・加工,化学・ゴム・プラスチック製品,ゴム製造業
1710012,製造・加工,化学・ゴム・プラスチック製品,ストロー製造・卸売業
1710013,製造・加工,化学・ゴム・プラスチック製品,セルロイド製造業
1710014,製造・加工,化学・ゴム・プラスチック製品,タイヤ製造業
1710015,製造・加工,化学・ゴム・プラスチック製品,テープ製造業
1710016,製造・加工,化学・ゴム・プラスチック製品,ドライアイス製造業
1710017,製造・加工,化学・ゴム・プラスチック製品,パッキング・ガスケット製造業
1710020,製造・加工,化学・ゴム・プラスチック製品,ビニール製品製造業
1710021,製造・加工,化学・ゴム・プラスチック製品,ふっ素樹脂製造業
1710022,製造・加工,化学・ゴム・プラスチック製品,プラスチックカード製造業
1710025,製造・加工,化学・ゴム・プラスチック製品,プラスチックフィルム製造業
1710028,製造・加工,化学・ゴム・プラスチック製品,プラスチック加工・製造業
1710029,製造・加工,化学・ゴム・プラスチック製品,プラスチック製造業
1710031,製造・加工,化学・ゴム・プラスチック製品,プラスチック製品製造・加工業
1710034,製造・加工,化学・ゴム・プラスチック製品,プラスチック素材製造業
1710035,製造・加工,化学・ゴム・プラスチック製品,プラスチック発泡製品製造・加工業
1710036,製造・加工,化学・ゴム・プラスチック製品,プラスチック製容器製造・加工業
1710037,製造・加工,化学・ゴム・プラスチック製品,ヘルメット製造業
1710038,製造・加工,化学・ゴム・プラスチック製品,ホース製造業
1710040,製造・加工,化学・ゴム・プラスチック製品,ポリウレタン製品製造業
1710041,製造・加工,化学・ゴム・プラスチック製品,ポリエチレン製造業
1710043,製造・加工,化学・ゴム・プラスチック製品,めっき薬品製造業
1710044,製造・加工,化学・ゴム・プラスチック製品,ロープ製造業
1710045,製造・加工,化学・ゴム・プラスチック製品,衛生消毒材料製造業
1710046,製造・加工,化学・ゴム・プラスチック製品,液晶素子製造業
1710047,製造・加工,化学・ゴム・プラスチック製品,液体炭酸ガス製造業
1710048,製造・加工,化学・ゴム・プラスチック製品,製塩業
1710049,製造・加工,化学・ゴム・プラスチック製品,塩化ビニルフォーム製造業
1710050,製造・加工,化学・ゴム・プラスチック製品,塩化ビニル樹脂製造業
1710052,製造・加工,化学・ゴム・プラスチック製品,化学工業製品製造業
1710053,製造・加工,化学・ゴム・プラスチック製品,化学工業薬品製造業
1710054,製造・加工,化学・ゴム・プラスチック製品,化学工業用品製造業
1710056,製造・加工,化学・ゴム・プラスチック製品,化学製品製造業
1710057,製造・加工,化学・ゴム・プラスチック製品,化学製品貿易業
1710058,製造・加工,化学・ゴム・プラスチック製品,化学繊維製造業
1710059,製造・加工,化学・ゴム・プラスチック製品,界面活性剤製造業
1710060,製造・加工,化学・ゴム・プラスチック製品,核燃料製造業
1710061,製造・加工,化学・ゴム・プラスチック製品,乾燥剤製造業
1710062,製造・加工,化学・ゴム・プラスチック製品,機械油製造業
1710063,製造・加工,化学・ゴム・プラスチック製品,強化プラスチック製品加工業
1710064,製造・加工,化学・ゴム・プラスチック製品,強化プラスチック製板製造業
1710065,製造・加工,化学・ゴム・プラスチック製品,ゴム製履物製造業
1710066,製造・加工,化学・ゴム・プラスチック製品,合成皮革製靴製造業
1710067,製造・加工,化学・ゴム・プラスチック製品,研磨材製造業
1710068,製造・加工,化学・ゴム・プラスチック製品,工業用ゴム製品製造業
1710069,製造・加工,化学・ゴム・プラスチック製品,工業用プラスチック製品加工業
1710070,製造・加工,化学・ゴム・プラスチック製品,工業用プラスチック製品製造業
1710071,製造・加工,化学・ゴム・プラスチック製品,工業用ベルト製造・加工業
1710072,製造・加工,化学・ゴム・プラスチック製品,更生タイヤ製造業
1710073,製造・加工,化学・ゴム・プラスチック製品,酵素製造業
1710074,製造・加工,化学・ゴム・プラスチック製品,合成ゴム製造業
1710075,製造・加工,化学・ゴム・プラスチック製品,合成樹脂塗料製造業
1710076,製造・加工,化学・ゴム・プラスチック製品,合成洗剤製造業
1710077,製造・加工,化学・ゴム・プラスチック製品,合成皮革製造・加工業
1710078,製造・加工,化学・ゴム・プラスチック製品,再生プラスチック製造業
1710079,製造・加工,化学・ゴム・プラスチック製品,酸素製造業
1710080,製造・加工,化学・ゴム・プラスチック製品,試薬製造業
1710081,製造・加工,化学・ゴム・プラスチック製品,自転車タイヤ・チューブ製造業
1710082,製造・加工,化学・ゴム・プラスチック製品,潤滑油製造業
1710083,製造・加工,化学・ゴム・プラスチック製品,消火器製造業
1710084,製造・加工,化学・ゴム・プラスチック製品,消石灰製造業
1710085,製造・加工,化学・ゴム・プラスチック製品,浄化槽製造業（強化プラスチック製）
1710086,製造・加工,化学・ゴム・プラスチック製品,人工芝製造業
1710087,製造・加工,化学・ゴム・プラスチック製品,人工皮革製造業
1710088,製造・加工,化学・ゴム・プラスチック製品,石けん製造業
1710089,製造・加工,化学・ゴム・プラスチック製品,接着剤製造業
1710090,製造・加工,化学・ゴム・プラスチック製品,洗浄剤製造業
1710091,製造・加工,化学・ゴム・プラスチック製品,繊維強化プラスチック製造業
1710092,製造・加工,化学・ゴム・プラスチック製品,電気・電子用きょう（筺）体製造業
1710093,製造・加工,化学・ゴム・プラスチック製品,塗料製造業
1710094,製造・加工,化学・ゴム・プラスチック製品,浴槽製造業
1710095,製造・加工,化学・ゴム・プラスチック製品,防水材製造・加工業
1710096,製造・加工,化学・ゴム・プラスチック製品,プラスチック製容器製造業
1710097,製造・加工,化学・ゴム・プラスチック製品,ＣＤ・Ｒ／ＲＷ製造業
1710098,製造・加工,化学・ゴム・プラスチック製品,ＤＶＤ・Ｒ／ＲＷ／ＲＡＭ製造業
1710099,製造・加工,化学・ゴム・プラスチック製品,ファイバー製造業
1710999,製造・加工,化学・ゴム・プラスチック製品,化学・ゴム・プラスチック製品関連
1711001,製造・加工,電気機器・事務機器（製造・加工）,エアコン製造業（家庭用）
1711002,製造・加工,電気機器・事務機器（製造・加工）,エアコン製造業（業務用）
1711003,製造・加工,電気機器・事務機器（製造・加工）,オーディオ製造・卸売業
1711005,製造・加工,電気機器・事務機器（製造・加工）,オフィス家具製造業
1711006,製造・加工,電気機器・事務機器（製造・加工）,カラオケ装置・ジュークボックス製造業
1711008,製造・加工,電気機器・事務機器（製造・加工）,コントロールユニット製造業
1711009,製造・加工,電気機器・事務機器（製造・加工）,コンピューター・パソコン周辺装置製造業
1711010,製造・加工,電気機器・事務機器（製造・加工）,コンピューター・パソコン製造業
1711011,製造・加工,電気機器・事務機器（製造・加工）,コンピューター周辺機器製造業
1711012,製造・加工,電気機器・事務機器（製造・加工）,シャープペンシル製造業
1711013,製造・加工,電気機器・事務機器（製造・加工）,スイッチング電源製造業
1711014,製造・加工,電気機器・事務機器（製造・加工）,スイッチ製造業
1711015,製造・加工,電気機器・事務機器（製造・加工）,スチール製品事務用機械器具製造業
1711016,製造・加工,電気機器・事務機器（製造・加工）,ストーブ製造業
1711017,製造・加工,電気機器・事務機器（製造・加工）,スパナ製造業
1711018,製造・加工,電気機器・事務機器（製造・加工）,ダイオード製造業
1711019,製造・加工,電気機器・事務機器（製造・加工）,パチンコ機器製造業
1711020,製造・加工,電気機器・事務機器（製造・加工）,ハンガー製造業
1711021,製造・加工,電気機器・事務機器（製造・加工）,ビデオ機器製造業
1711022,製造・加工,電気機器・事務機器（製造・加工）,ファクシミリ製造業
1711023,製造・加工,電気機器・事務機器（製造・加工）,プリンター製造業
1711026,製造・加工,電気機器・事務機器（製造・加工）,モーター製造業
1711027,製造・加工,電気機器・事務機器（製造・加工）,レジスター製造・加工業
1711028,製造・加工,電気機器・事務機器（製造・加工）,安全用品製造業
1711029,製造・加工,電気機器・事務機器（製造・加工）,囲碁用品製造業
1711030,製造・加工,電気機器・事務機器（製造・加工）,医療用品製造業
1711031,製造・加工,電気機器・事務機器（製造・加工）,温水洗浄便座製造業
1711032,製造・加工,電気機器・事務機器（製造・加工）,温度計製造業
1711033,製造・加工,電気機器・事務機器（製造・加工）,音響部品製造業
1711035,製造・加工,電気機器・事務機器（製造・加工）,火災警報装置製造業
1711036,製造・加工,電気機器・事務機器（製造・加工）,換気扇製造業
1711037,製造・加工,電気機器・事務機器（製造・加工）,看板製造業
1711038,製造・加工,電気機器・事務機器（製造・加工）,金属プレス製品製造業
1711039,製造・加工,電気機器・事務機器（製造・加工）,研磨機製造業
1711040,製造・加工,電気機器・事務機器（製造・加工）,光学レンズ製造業
1711041,製造・加工,電気機器・事務機器（製造・加工）,試作品モデル製造業
1711043,製造・加工,電気機器・事務機器（製造・加工）,磁気テープ製造業
1711044,製造・加工,電気機器・事務機器（製造・加工）,磁石製造業
1711045,製造・加工,電気機器・事務機器（製造・加工）,自動ドア工事業
1711046,製造・加工,電気機器・事務機器（製造・加工）,自動制御機器製造業
1711047,製造・加工,電気機器・事務機器（製造・加工）,床暖房機器製造業
1711048,製造・加工,電気機器・事務機器（製造・加工）,床板製造業
1711050,製造・加工,電気機器・事務機器（製造・加工）,浄水装置製造業
1711051,製造・加工,電気機器・事務機器（製造・加工）,生ごみ処理装置製造業
1711052,製造・加工,電気機器・事務機器（製造・加工）,太陽電池製造業
1711053,製造・加工,電気機器・事務機器（製造・加工）,通信機械器具製造業
1711058,製造・加工,電気機器・事務機器（製造・加工）,電気機械器具製造・卸売業
1711060,製造・加工,電気機器・事務機器（製造・加工）,電気工業
1711061,製造・加工,電気機器・事務機器（製造・加工）,電気照明器具製造業
1711062,製造・加工,電気機器・事務機器（製造・加工）,電気制御機器製造業
1711063,製造・加工,電気機器・事務機器（製造・加工）,電気絶縁材料製造業
1711064,製造・加工,電気機器・事務機器（製造・加工）,電気冷蔵庫製造業
1711065,製造・加工,電気機器・事務機器（製造・加工）,電気炉製造業
1711067,製造・加工,電気機器・事務機器（製造・加工）,電子応用装置製造業
1711069,製造・加工,電気機器・事務機器（製造・加工）,電子機器・計測器製造業
1711070,製造・加工,電気機器・事務機器（製造・加工）,電子部品製造業
1711071,製造・加工,電気機器・事務機器（製造・加工）,照明機械器具造業
1711072,製造・加工,電気機器・事務機器（製造・加工）,電池製造業
1711073,製造・加工,電気機器・事務機器（製造・加工）,特殊モーター電気制御機器製造業
1711074,製造・加工,電気機器・事務機器（製造・加工）,配電盤製造業
1711075,製造・加工,電気機器・事務機器（製造・加工）,発電機製造業
1711076,製造・加工,電気機器・事務機器（製造・加工）,半導体製造装置製造業
1711077,製造・加工,電気機器・事務機器（製造・加工）,半導体素子製造業
1711078,製造・加工,電気機器・事務機器（製造・加工）,変圧器類製造業
1711079,製造・加工,電気機器・事務機器（製造・加工）,編機製造業
1711080,製造・加工,電気機器・事務機器（製造・加工）,補聴器製造業
1711081,製造・加工,電気機器・事務機器（製造・加工）,防犯用設備用品製造業
1711082,製造・加工,電気機器・事務機器（製造・加工）,理化学機械器具電気・電子計測器製造業
1711999,製造・加工,電気機器・事務機器（製造・加工）,電気機器・事務機器製造・加工業関連
1712001,製造・加工,工作機械器具・一般機械器具,パイプ・パイプ付属品製造・加工業
1712002,製造・加工,工作機械器具・一般機械器具,タービン製造業
1712003,製造・加工,工作機械器具・一般機械器具,デバイス製造業
1712004,製造・加工,工作機械器具・一般機械器具,ベアリング製造業
1712005,製造・加工,工作機械器具・一般機械器具,バルブ・コック製造業
1712007,製造・加工,工作機械器具・一般機械器具,プラスチック加工機械・付属装置製造業
1712008,製造・加工,工作機械器具・一般機械器具,機械工具商・環境保全装置・資材製造業
1712009,製造・加工,工作機械器具・一般機械器具,機械工具商・油圧・空圧機器製造業
1712010,製造・加工,工作機械器具・一般機械器具,機械工具製造・加工業
1712011,製造・加工,工作機械器具・一般機械器具,機械刃物製造業
1712013,製造・加工,工作機械器具・一般機械器具,機械部分品製造業
1712015,製造・加工,工作機械器具・一般機械器具,塗装機械器具製造業
1712016,製造・加工,工作機械器具・一般機械器具,医療用機械器具製造業
1712018,製造・加工,工作機械器具・一般機械器具,金型機械工具製造業
1712019,製造・加工,工作機械器具・一般機械器具,金型製造業
1712021,製造・加工,工作機械器具・一般機械器具,機械器具製造業
1712022,製造・加工,工作機械器具・一般機械器具,機械工具製造業
1712027,製造・加工,工作機械器具・一般機械器具,金属製品製造業
1712029,製造・加工,工作機械器具・一般機械器具,工作機械製造業
1712031,製造・加工,工作機械器具・一般機械器具,園芸用機械器具製造業
1712032,製造・加工,工作機械器具・一般機械器具,鉱山機械製造・整備業
1712034,製造・加工,工作機械器具・一般機械器具,自転車部分品製造業
1712035,製造・加工,工作機械器具・一般機械器具,金属切削加工用機械製造業
1712036,製造・加工,工作機械器具・一般機械器具,空気圧縮機製造業
1712037,製造・加工,工作機械器具・一般機械器具,作業工具製造業
1712039,製造・加工,工作機械器具・一般機械器具,金属工作機械・部分品製造業
1712040,製造・加工,工作機械器具・一般機械器具,林業用機械製造業
1712041,製造・加工,工作機械器具・一般機械器具,水道材料製造業
1712042,製造・加工,工作機械器具・一般機械器具,製紙機械製造業
1712043,製造・加工,工作機械器具・一般機械器具,製図用機械・器具製造業
1712044,製造・加工,工作機械器具・一般機械器具,測量機械器具製造業
1712045,製造・加工,工作機械器具・一般機械器具,通信機械器具部品製造業
1712046,製造・加工,工作機械器具・一般機械器具,金属圧延・線引加工用機械製造業
1712047,製造・加工,工作機械器具・一般機械器具,金属加工機械・部分品付属品製造業
1712048,製造・加工,工作機械器具・一般機械器具,電気機械器具部分品製造業
1712049,製造・加工,工作機械器具・一般機械器具,工業用ベルト製造業
1712050,製造・加工,工作機械器具・一般機械器具,抜き型製造業
1712052,製造・加工,工作機械器具・一般機械器具,紡績・紡織機械部品・包装梱包機械製造業
1712053,製造・加工,工作機械器具・一般機械器具,工業用試験機工作機械製造業
1712054,製造・加工,工作機械器具・一般機械器具,木工用機械器具製造業
1712056,製造・加工,工作機械器具・一般機械器具,溶接用機械器具製造業
1712058,製造・加工,工作機械器具・一般機械器具,ロボット製造業
1712060,製造・加工,工作機械器具・一般機械器具,油圧機器製造業
1712062,製造・加工,工作機械器具・一般機械器具,ポンプ装置製造業
1712063,製造・加工,工作機械器具・一般機械器具,特殊モーター製造業
1712064,製造・加工,工作機械器具・一般機械器具,農器具製造業
1712065,製造・加工,工作機械器具・一般機械器具,コンクリートミキサ製造業
1712066,製造・加工,工作機械器具・一般機械器具,カーエアコン製造業
1712068,製造・加工,工作機械器具・一般機械器具,ガレージ製造業
1712069,製造・加工,工作機械器具・一般機械器具,ソーラーシステム製造業
1712070,製造・加工,工作機械器具・一般機械器具,コインロッカー製造・卸売業
1712071,製造・加工,工作機械器具・一般機械器具,ボイラ製造業
1712072,製造・加工,工作機械器具・一般機械器具,複写機製造業
1712073,製造・加工,工作機械器具・一般機械器具,スチール製品製造業
1712074,製造・加工,工作機械器具・一般機械器具,ニット機械製造業
1712076,製造・加工,工作機械器具・一般機械器具,印刷機械製造業
1712077,製造・加工,工作機械器具・一般機械器具,飲料加工機械製造業
1712078,製造・加工,工作機械器具・一般機械器具,パン製造機械製造業
1712080,製造・加工,工作機械器具・一般機械器具,物流運搬設備製造業
1712081,製造・加工,工作機械器具・一般機械器具,化学機械製造業
1712082,製造・加工,工作機械器具・一般機械器具,化学機械・装置製造業
1712083,製造・加工,工作機械器具・一般機械器具,機械工業・工作機械製造業
1712084,製造・加工,工作機械器具・一般機械器具,機械修理・自動制御機器製造業
1712085,製造・加工,工作機械器具・一般機械器具,刺しゅう用機械製造業
1712086,製造・加工,工作機械器具・一般機械器具,レジスター製造業
1712087,製造・加工,工作機械器具・一般機械器具,業務用洗濯機製造業
1712088,製造・加工,工作機械器具・一般機械器具,業務用冷蔵庫製造業
1712089,製造・加工,工作機械器具・一般機械器具,娯楽機械製造業
1712090,製造・加工,工作機械器具・一般機械器具,娯楽用機械器具製造業
1712091,製造・加工,工作機械器具・一般機械器具,視聴覚機材製造業
1712092,製造・加工,工作機械器具・一般機械器具,試験機製造業
1712093,製造・加工,工作機械器具・一般機械器具,事務用印刷機械製造業
1712094,製造・加工,工作機械器具・一般機械器具,自動販売機製造業
1712095,製造・加工,工作機械器具・一般機械器具,公害測定機器製造業
1712097,製造・加工,工作機械器具・一般機械器具,除雪機製造業
1712098,製造・加工,工作機械器具・一般機械器具,除草機製造業
1712101,製造・加工,工作機械器具・一般機械器具,消防用設備用品製造業
1712102,製造・加工,工作機械器具・一般機械器具,焼却器製造業
1712105,製造・加工,工作機械器具・一般機械器具,食料品加工機械製造業
1712106,製造・加工,工作機械器具・一般機械器具,ミシン製造業
1712107,製造・加工,工作機械器具・一般機械器具,家庭用ポンプ製造業
1712109,製造・加工,工作機械器具・一般機械器具,菓子製造機器製造業
1712110,製造・加工,工作機械器具・一般機械器具,厨房用機械器具・焼却炉製造業
1712111,製造・加工,工作機械器具・一般機械器具,水産加工機械製造業
1712112,製造・加工,工作機械器具・一般機械器具,水質汚濁防止機器製造業
1712114,製造・加工,工作機械器具・一般機械器具,制御装置製造業
1712115,製造・加工,工作機械器具・一般機械器具,生ごみ処理機製造業（家庭用）
1712116,製造・加工,工作機械器具・一般機械器具,精米機械製造業
1712117,製造・加工,工作機械器具・一般機械器具,健康機器製造業
1712118,製造・加工,工作機械器具・一般機械器具,製茶用機械製造業
1712119,製造・加工,工作機械器具・一般機械器具,製版用機械器具製造業
1712120,製造・加工,工作機械器具・一般機械器具,製粉機械製造業
1712121,製造・加工,工作機械器具・一般機械器具,製本機械製造業
1712122,製造・加工,工作機械器具・一般機械器具,製麺機械製造業
1712123,製造・加工,工作機械器具・一般機械器具,洗濯機製造業（業務用）
1712124,製造・加工,工作機械器具・一般機械器具,染色整理仕上機械製造業
1712125,製造・加工,工作機械器具・一般機械器具,送風機製造業
1712126,製造・加工,工作機械器具・一般機械器具,窯業機械製造業
1712127,製造・加工,工作機械器具・一般機械器具,エレベーター・エスカレーター製造業
1712128,製造・加工,工作機械器具・一般機械器具,暖房装置製造業
1712129,製造・加工,工作機械器具・一般機械器具,畜産機材製造業
1712130,製造・加工,工作機械器具・一般機械器具,駐車場機械装置製造業
1712132,製造・加工,工作機械器具・一般機械器具,陳列ケース製造業
1712133,製造・加工,工作機械器具・一般機械器具,通報信号装置製造業
1712134,製造・加工,工作機械器具・一般機械器具,伝動機製造業
1712135,製造・加工,工作機械器具・一般機械器具,特殊産業用機械製造業
1712136,製造・加工,工作機械器具・一般機械器具,内燃機関電装品製造業
1712137,製造・加工,工作機械器具・一般機械器具,紡績機械製造業
1712138,製造・加工,工作機械器具・一般機械器具,豆腐製造機械製造業
1712139,製造・加工,工作機械器具・一般機械器具,電話機・携帯電話機製造業
1712140,製造・加工,工作機械器具・一般機械器具,牛乳加工機械製造業
1712141,製造・加工,工作機械器具・一般機械器具,自動ドア製造業
1712142,製造・加工,工作機械器具・一般機械器具,交通信号保安装置製造業
1712143,製造・加工,工作機械器具・一般機械器具,土木建築用機械製造業
1712145,製造・加工,工作機械器具・一般機械器具,燃焼機・燃焼装置製造業
1712147,製造・加工,工作機械器具・一般機械器具,農業用機械製造業
1712149,製造・加工,工作機械器具・一般機械器具,給排水栓製造業
1712150,製造・加工,工作機械器具・一般機械器具,クレーン製造業（建設用）
1712151,製造・加工,工作機械器具・一般機械器具,風力機関製造業
1712153,製造・加工,工作機械器具・一般機械器具,噴霧器製造業
1712155,製造・加工,工作機械器具・一般機械器具,包装機械製造業
1712156,製造・加工,工作機械器具・一般機械器具,帽子製造機械製造業
1712158,製造・加工,工作機械器具・一般機械器具,計量器包装梱包機械製造業
1712159,製造・加工,工作機械器具・一般機械器具,建設機械製造・整備業
1712160,製造・加工,工作機械器具・一般機械器具,建築金物・板金工事業
1712161,製造・加工,工作機械器具・一般機械器具,建築材料・板金工事業
1712162,製造・加工,工作機械器具・一般機械器具,防水材製造業
1712163,製造・加工,工作機械器具・一般機械器具,油脂製品製造業
1712164,製造・加工,工作機械器具・一般機械器具,遊戯機械製造業
1712165,製造・加工,工作機械器具・一般機械器具,融雪装置製造業
1712168,製造・加工,工作機械器具・一般機械器具,空調機械・機器製造業
1712169,製造・加工,工作機械器具・一般機械器具,冷蔵装置製造業
1712171,製造・加工,工作機械器具・一般機械器具,冷凍機製造業
1712172,製造・加工,工作機械器具・一般機械器具,建設用金属製品製造業
1712173,製造・加工,工作機械器具・一般機械器具,金属扉製造業
1712174,製造・加工,工作機械器具・一般機械器具,環境保全装置資材業
1712175,製造・加工,工作機械器具・一般機械器具,精密機械器具製造業
1712176,製造・加工,工作機械器具・一般機械器具,ガス機器製造業
1712177,製造・加工,工作機械器具・一般機械器具,ギヤ製造業
1712178,製造・加工,工作機械器具・一般機械器具,コネクタ製造業
1712179,製造・加工,工作機械器具・一般機械器具,ふろバーナ製造業
1712180,製造・加工,工作機械器具・一般機械器具,ラジエータ製造業
1712181,製造・加工,工作機械器具・一般機械器具,ポンプ製造業
1712182,製造・加工,工作機械器具・一般機械器具,鍵製造業
1712183,製造・加工,工作機械器具・一般機械器具,救命具製造業
1712184,製造・加工,工作機械器具・一般機械器具,事務用機械器具製造業
1712185,製造・加工,工作機械器具・一般機械器具,光学機械用レンズ製造業
1712186,製造・加工,工作機械器具・一般機械器具,工業用模型製造業
1712187,製造・加工,工作機械器具・一般機械器具,蛇口製造業
1712189,製造・加工,工作機械器具・一般機械器具,電気機械器具製造・修理業
1712191,製造・加工,工作機械器具・一般機械器具,廃棄物処理機器製造業
1712192,製造・加工,工作機械器具・一般機械器具,理・美容機械器具製造業
1712193,製造・加工,工作機械器具・一般機械器具,網製造業
1712194,製造・加工,工作機械器具・一般機械器具,情報通信機械器具製造業
1712195,製造・加工,工作機械器具・一般機械器具,醸造用機械器具製造業
1712999,製造・加工,工作機械器具・一般機械器具,工作機械器具・一般機械器具製造業関連
1713002,製造・加工,輸送機械器具,オートバイ製造・卸売業
1713004,製造・加工,輸送機械器具,カー用品製造業
1713005,製造・加工,輸送機械器具,クレーン整備業
1713006,製造・加工,輸送機械器具,コンテナ製造業
1713007,製造・加工,輸送機械器具,シート製造・加工業
1713011,製造・加工,輸送機械器具,モーターボート製造・マリーナ業
1713013,製造・加工,輸送機械器具,航空機・部分品製造業
1713014,製造・加工,輸送機械器具,自転車製造業
1713015,製造・加工,輸送機械器具,自動車エンジン製造業
1713016,製造・加工,輸送機械器具,自動車ガラス製造業
1713017,製造・加工,輸送機械器具,自動車タイヤ製造業
1713019,製造・加工,輸送機械器具,自動車一般整備業
1713020,製造・加工,輸送機械器具,自動車車体製造業
1713023,製造・加工,輸送機械器具,自動車製造業
1713024,製造・加工,輸送機械器具,自動車部分品製造業
1713028,製造・加工,輸送機械器具,車両工業・製造業
1713030,製造・加工,輸送機械器具,消防自動車製造業
1713035,製造・加工,輸送機械器具,造船業
1713036,製造・加工,輸送機械器具,鉄鋼工業自動車部品・用品製造業
1713037,製造・加工,輸送機械器具,鉄道車両・部分品製造業
1713038,製造・加工,輸送機械器具,舶用工業
1713039,製造・加工,輸送機械器具,エスカレータ製造業
1713040,製造・加工,輸送機械器具,エレベータ製造業
1713999,製造・加工,輸送機械器具,輸送機械器具製造業関連
1714001,製造・加工,精密機械器具,ＩＣ製造業
1714004,製造・加工,精密機械器具,Ｘ線装置製造業
1714006,製造・加工,精密機械器具,カメラ製造・卸売業
1714007,製造・加工,精密機械器具,センサ製造業
1714008,製造・加工,精密機械器具,はかり製造業
1714009,製造・加工,精密機械器具,マイクロ写真機器製造業
1714010,製造・加工,精密機械器具,眼鏡用品製造・卸売業
1714011,製造・加工,精密機械器具,レーザー治療装置製造業
1714012,製造・加工,精密機械器具,レンズ・プリズム製造業
1714013,製造・加工,精密機械器具,圧縮空気機関製造業
1714014,製造・加工,精密機械器具,圧力計製造業
1714016,製造・加工,精密機械器具,医療用機器製造業
1714019,製造・加工,精密機械器具,映画用機械・付属品製造業
1714020,製造・加工,精密機械器具,液面計等製造業
1714021,製造・加工,精密機械器具,遠隔制御装置製造業
1714022,製造・加工,精密機械器具,環境測定機器製造業
1714024,製造・加工,精密機械器具,教育用機械器具製造業
1714026,製造・加工,精密機械器具,計量器製造業
1714027,製造・加工,精密機械器具,顕微鏡製造業
1714029,製造・加工,精密機械器具,光学器械製造業
1714030,製造・加工,精密機械器具,工業用試験機製造業
1714031,製造・加工,精密機械器具,視聴覚機材製造・加工業
1714032,製造・加工,精密機械器具,歯科用機械器具・材料製造業
1714033,製造・加工,精密機械器具,歯車製造業
1714036,製造・加工,精密機械器具,時計製造業
1714040,製造・加工,精密機械器具,精密機械器具・測量機器製造業
1714041,製造・加工,精密機械器具,精密機械器具・木工用機械器具製造業
1714043,製造・加工,精密機械器具,電圧計製造業
1714044,製造・加工,精密機械器具,電気計測器製造業
1714046,製造・加工,精密機械器具,動力ポンプ製造業
1714048,製造・加工,精密機械器具,分析機器・理化学機械器具製造業
1714050,製造・加工,精密機械器具,防犯カメラ製造業
1714051,製造・加工,精密機械器具,理化学機械器具製造業
1714999,製造・加工,精密機械器具,精密機械器具製造業関連
1715001,製造・加工,製造・加工・機械器具関連,ケーブル製造業
1715002,製造・加工,製造・加工・機械器具関連,ＣＤ・レコード制作業
1715003,製造・加工,製造・加工・機械器具関連,液化ガス製造業
1715005,製造・加工,製造・加工・機械器具関連,アスファルトブロック製造業
1715006,製造・加工,製造・加工・機械器具関連,アミューズメント機器製造業
1715007,製造・加工,製造・加工・機械器具関連,イオン交換樹脂製造業
1715008,製造・加工,製造・加工・機械器具関連,インキ製造業
1715009,製造・加工,製造・加工・機械器具関連,むしろ製造業
1715010,製造・加工,製造・加工・機械器具関連,うわ（釉）薬製造業
1715011,製造・加工,製造・加工・機械器具関連,オペラグラス製造業
1715015,製造・加工,製造・加工・機械器具関連,紡績業
1715016,製造・加工,製造・加工・機械器具関連,幕製造業
1715017,製造・加工,製造・加工・機械器具関連,カード製造業
1715019,製造・加工,製造・加工・機械器具関連,ガス製造工場
1715022,製造・加工,製造・加工・機械器具関連,ガレージ設置加工業
1715025,製造・加工,製造・加工・機械器具関連,ケース製造業
1715027,製造・加工,製造・加工・機械器具関連,コンクリート製品製造・加工業
1715028,製造・加工,製造・加工・機械器具関連,指物業
1715029,製造・加工,製造・加工・機械器具関連,スポーツ用品製造・卸売業
1715031,製造・加工,製造・加工・機械器具関連,たばこ製造業
1715032,製造・加工,製造・加工・機械器具関連,つばき油製造業
1715033,製造・加工,製造・加工・機械器具関連,つや出し剤製造業
1715034,製造・加工,製造・加工・機械器具関連,デザインモデル製造業
1715037,製造・加工,製造・加工・機械器具関連,ねじ製造・めっき加工業
1715038,製造・加工,製造・加工・機械器具関連,のこ刃製造業
1715039,製造・加工,製造・加工・機械器具関連,はえとり紙製造・販売業
1715040,製造・加工,製造・加工・機械器具関連,はく製製造・加工業
1715042,製造・加工,製造・加工・機械器具関連,はんだ製造業
1715043,製造・加工,製造・加工・機械器具関連,ビリヤード用品製造業
1715047,製造・加工,製造・加工・機械器具関連,ペット用品製造業
1715049,製造・加工,製造・加工・機械器具関連,船舶製造業
1715051,製造・加工,製造・加工・機械器具関連,マネキン人形製造業
1715052,製造・加工,製造・加工・機械器具関連,マージャンパイ製造業
1715054,製造・加工,製造・加工・機械器具関連,ろう製造業
1715055,製造・加工,製造・加工・機械器具関連,網・ロープ製造業
1715056,製造・加工,製造・加工・機械器具関連,圧縮酸素製造業
1715057,製造・加工,製造・加工・機械器具関連,安全用品・機器製造業
1715059,製造・加工,製造・加工・機械器具関連,医薬品製剤製造業
1715061,製造・加工,製造・加工・機械器具関連,永久磁石製造業
1715063,製造・加工,製造・加工・機械器具関連,栓各種製造業
1715064,製造・加工,製造・加工・機械器具関連,火薬類製造業
1715067,製造・加工,製造・加工・機械器具関連,荷札製造業
1715069,製造・加工,製造・加工・機械器具関連,介護用品製造業
1715070,製造・加工,製造・加工・機械器具関連,懐炉灰製造業
1715071,製造・加工,製造・加工・機械器具関連,楽器製造業
1715072,製造・加工,製造・加工・機械器具関連,乾燥剤製造・加工業
1715073,製造・加工,製造・加工・機械器具関連,漢方製剤製造業
1715074,製造・加工,製造・加工・機械器具関連,看板書き業
1715077,製造・加工,製造・加工・機械器具関連,記章・バッジ製造業
1715078,製造・加工,製造・加工・機械器具関連,義眼製造業
1715079,製造・加工,製造・加工・機械器具関連,義肢・義足製造業
1715080,製造・加工,製造・加工・機械器具関連,喫煙具製造業
1715082,製造・加工,製造・加工・機械器具関連,漁具製造業
1715083,製造・加工,製造・加工・機械器具関連,漁網製造業
1715084,製造・加工,製造・加工・機械器具関連,研磨加工業
1715085,製造・加工,製造・加工・機械器具関連,工業用マスク製造業
1715086,製造・加工,製造・加工・機械器具関連,香料製造業
1715087,製造・加工,製造・加工・機械器具関連,黒板製造業
1715090,製造・加工,製造・加工・機械器具関連,配合・単体飼料製造業
1715091,製造・加工,製造・加工・機械器具関連,革製首輪製造業
1715092,製造・加工,製造・加工・機械器具関連,集成材製造業
1715094,製造・加工,製造・加工・機械器具関連,家庭用浄水器製造業
1715095,製造・加工,製造・加工・機械器具関連,食品サンプル製造業
1715096,製造・加工,製造・加工・機械器具関連,食品添加物製造業
1715098,製造・加工,製造・加工・機械器具関連,生ゴム製造業
1715099,製造・加工,製造・加工・機械器具関連,医薬品原薬・製剤製造業
1715102,製造・加工,製造・加工・機械器具関連,石材製造業
1715107,製造・加工,製造・加工・機械器具関連,接着剤製造・加工業
1715108,製造・加工,製造・加工・機械器具関連,染料製造業
1715109,製造・加工,製造・加工・機械器具関連,造花製造業
1715112,製造・加工,製造・加工・機械器具関連,耐火れんが製造業
1715116,製造・加工,製造・加工・機械器具関連,釣具製造・卸売業
1715118,製造・加工,製造・加工・機械器具関連,鉄骨製造業
1715119,製造・加工,製造・加工・機械器具関連,塗料製造・卸売業
1715122,製造・加工,製造・加工・機械器具関連,馬具製造業
1715123,製造・加工,製造・加工・機械器具関連,配管材料製造業
1715124,製造・加工,製造・加工・機械器具関連,白炭製造業
1715125,製造・加工,製造・加工・機械器具関連,板ガラス製造・加工業
1715127,製造・加工,製造・加工・機械器具関連,皮革製品製造業
1715128,製造・加工,製造・加工・機械器具関連,肥料製造業
1715130,製造・加工,製造・加工・機械器具関連,標識機製造業
1715131,製造・加工,製造・加工・機械器具関連,敷石製造業
1715132,製造・加工,製造・加工・機械器具関連,武道具製造業
1715133,製造・加工,製造・加工・機械器具関連,舞台製作業
1715135,製造・加工,製造・加工・機械器具関連,福祉用品製造業
1715136,製造・加工,製造・加工・機械器具関連,墓石・みこし製造業
1715137,製造・加工,製造・加工・機械器具関連,鋳造模型製造業
1715138,製造・加工,製造・加工・機械器具関連,かつら製造業
1715140,製造・加工,製造・加工・機械器具関連,油脂製品業
1715143,製造・加工,製造・加工・機械器具関連,幼児用乗物製造業
1715144,製造・加工,製造・加工・機械器具関連,養殖用資材製造業
1715150,製造・加工,製造・加工・機械器具関連,原子・核燃料加工業
1715151,製造・加工,製造・加工・機械器具関連,ソーラーシステム・太陽光発電製造業
1715152,製造・加工,製造・加工・機械器具関連,たんす製造業
1715154,製造・加工,製造・加工・機械器具関連,がん具製造業
1715157,製造・加工,製造・加工・機械器具関連,眼鏡製造業
1715159,製造・加工,製造・加工・機械器具関連,神具製造業
1715162,製造・加工,製造・加工・機械器具関連,仮面制作業
1715163,製造・加工,製造・加工・機械器具関連,ガス器具製造業
1715999,製造・加工,製造・加工・機械器具関連,製造業関連
0201001,電気・ガス・通信・放送・新聞,電気事業,火力発電所
0201002,電気・ガス・通信・放送・新聞,電気事業,原子力発電所
0201003,電気・ガス・通信・放送・新聞,電気事業,水力発電所
0201004,電気・ガス・通信・放送・新聞,電気事業,電力事業
0201005,電気・ガス・通信・放送・新聞,電気事業,風力発電所
0201999,電気・ガス・通信・放送・新聞,電気事業,電気事業関連
0202001,電気・ガス・通信・放送・新聞,ガス事業,ガス事業
0202003,電気・ガス・通信・放送・新聞,ガス事業,プロパンガス事業
0202004,電気・ガス・通信・放送・新聞,ガス事業,都市ガス事業
0202005,電気・ガス・通信・放送・新聞,ガス事業,プロパンガス業・不動産取引
0202999,電気・ガス・通信・放送・新聞,ガス事業,ガス事業関連
0203002,電気・ガス・通信・放送・新聞,通信事業,インターネット関連サービス業
0203004,電気・ガス・通信・放送・新聞,通信事業,ポケットベル
0203005,電気・ガス・通信・放送・新聞,通信事業,レンタル電話サービス業
0203013,電気・ガス・通信・放送・新聞,通信事業,電気通信サービス業
0203999,電気・ガス・通信・放送・新聞,通信事業,通信事業関連
0204002,電気・ガス・通信・放送・新聞,放送事業,テレビ放送業
0204003,電気・ガス・通信・放送・新聞,放送事業,ラジオ放送業
0204005,電気・ガス・通信・放送・新聞,放送事業,ケーブルテレビ業
0204007,電気・ガス・通信・放送・新聞,放送事業,放送局・放送業
0204008,電気・ガス・通信・放送・新聞,放送事業,有線放送・電話業
0204999,電気・ガス・通信・放送・新聞,放送事業,放送事業関連
0205002,電気・ガス・通信・放送・新聞,新聞事業,新聞業
0205003,電気・ガス・通信・放送・新聞,新聞事業,スポーツ・芸能新聞業
0205999,電気・ガス・通信・放送・新聞,新聞事業,新聞事業関連
0206001,電気・ガス・通信・放送・新聞,電気・ガス・通信・放送・新聞関連,圧縮ガス充てん業
0206003,電気・ガス・通信・放送・新聞,電気・ガス・通信・放送・新聞関連,電話取引業
0206999,電気・ガス・通信・放送・新聞,電気・ガス・通信・放送・新聞関連,電気・ガス・通信・放送・新聞関連
0301001,金融・保険・証券,銀行,外資系銀行
0301002,金融・保険・証券,銀行,銀行
0301003,金融・保険・証券,銀行,信託銀行
0301999,金融・保険・証券,銀行,銀行関連
0302001,金融・保険・証券,信用金庫･労働金庫･信用組合,信用金庫
0302002,金融・保険・証券,信用金庫･労働金庫･信用組合,労働金庫
0302003,金融・保険・証券,信用金庫･労働金庫･信用組合,信用組合
0302999,金融・保険・証券,信用金庫･労働金庫･信用組合,信用金庫･労働金庫･信用組合関連
0303001,金融・保険・証券,クレジット・金融関連,クレジットカード業
0303002,金融・保険・証券,クレジット・金融関連,チケット販売・買取業
0303003,金融・保険・証券,クレジット・金融関連,補助的金融商品取引業（ゴルフ・リゾート会員権）
0303004,金融・保険・証券,クレジット・金融関連,補助的金融商品取引業（ゴルフ会員権）
0303005,金融・保険・証券,クレジット・金融関連,補助的金融商品取引業（リゾート会員権）
0303006,金融・保険・証券,クレジット・金融関連,外国為替取引業
0303008,金融・保険・証券,クレジット・金融関連,質屋
0303009,金融・保険・証券,クレジット・金融関連,国内市場商品先物取引業（商品取引所）
0303010,金融・保険・証券,クレジット・金融関連,商品投資業
0303012,金融・保険・証券,クレジット・金融関連,信用保証機関（信用保証業・身元保証業）
0303014,金融・保険・証券,クレジット・金融関連,投資運用業
0303999,金融・保険・証券,クレジット・金融関連,クレジット・金融関連
0304001,金融・保険・証券,保険事業,リース保険業
0304002,金融・保険・証券,保険事業,火災保険代理店
0304003,金融・保険・証券,保険事業,海上保険代理店
0304004,金融・保険・証券,保険事業,簡易保険業
0304005,金融・保険・証券,保険事業,共済事業
0304008,金融・保険・証券,保険事業,自動車保険業
0304010,金融・保険・証券,保険事業,生命保険業
0304012,金融・保険・証券,保険事業,損害保険業
0304014,金融・保険・証券,保険事業,不動産取引保険業
0304015,金融・保険・証券,保険事業,保険代理店
0304016,金融・保険・証券,保険事業,他保険業
0304999,金融・保険・証券,保険事業,保険事業関連
0305001,金融・保険・証券,証券事業,投資家向け支援事業
0305002,金融・保険・証券,証券事業,金融商品取引業（証券業）
0305003,金融・保険・証券,証券事業,投資助言･代理業（証券投資顧問業）
0305999,金融・保険・証券,証券事業,証券事業関連
0401002,交通・運輸・倉庫,空港・航空業,ヘリポート
0401003,交通・運輸・倉庫,空港・航空業,空港
0401004,交通・運輸・倉庫,空港・航空業,空港関連事業
0401007,交通・運輸・倉庫,空港・航空業,航空会社
0401009,交通・運輸・倉庫,空港・航空業,航空事業
0401010,交通・運輸・倉庫,空港・航空業,航空写真測量業
0401999,交通・運輸・倉庫,空港・航空業,空港・航空業関連
0402001,交通・運輸・倉庫,港湾業,港湾運送業
0402004,交通・運輸・倉庫,港湾業,船舶取引業
0402999,交通・運輸・倉庫,港湾業,港湾業関連
0403001,交通・運輸・倉庫,海運業,遊覧・クルージング
0403003,交通・運輸・倉庫,海運業,フェリー・客船（沿海旅客海運業）
0403999,交通・運輸・倉庫,海運業,海運業関連
0404001,交通・運輸・倉庫,鉄道・駅関連,ケーブルカー業
0404002,交通・運輸・倉庫,鉄道・駅関連,ロープウェイ業
0404003,交通・運輸・倉庫,鉄道・駅関連,地下鉄道業
0404004,交通・運輸・倉庫,鉄道・駅関連,鉄道業
0404005,交通・運輸・倉庫,鉄道・駅関連,路面電車
0404999,交通・運輸・倉庫,鉄道・駅関連,鉄道・駅関連
0405001,交通・運輸・倉庫,バス・タクシー,タクシー・ハイヤー業
0405005,交通・運輸・倉庫,バス・タクシー,観光・貸切バス事業
0405006,交通・運輸・倉庫,バス・タクシー,空港バス業
0405007,交通・運輸・倉庫,バス・タクシー,高速バス業
0405008,交通・運輸・倉庫,バス・タクシー,貸切バス業
0405010,交通・運輸・倉庫,バス・タクシー,路線バス・乗合バス事業
0405999,交通・運輸・倉庫,バス・タクシー,バス・タクシー関連
0406001,交通・運輸・倉庫,道路料金所,道路料金所
0406999,交通・運輸・倉庫,道路料金所,道路料金所関連
0407002,交通・運輸・倉庫,陸運業,バイク便（集配利用運送業）
0407006,交通・運輸・倉庫,陸運業,運送業
0407014,交通・運輸・倉庫,陸運業,寝台自動車運送業
0407017,交通・運輸・倉庫,陸運業,宅配便
0407022,交通・運輸・倉庫,陸運業,保冷・冷凍運送業
0407999,交通・運輸・倉庫,陸運業,陸運業関連
0408001,交通・運輸・倉庫,倉庫業,トランクルーム
0408003,交通・運輸・倉庫,倉庫業,冷蔵倉庫業
0408005,交通・運輸・倉庫,倉庫業,冷凍倉庫業
0408999,交通・運輸・倉庫,倉庫業,倉庫業関連
0409001,交通・運輸・倉庫,通関業・梱包業,通関業
0409006,交通・運輸・倉庫,通関業・梱包業,貨物こん包業
0409999,交通・運輸・倉庫,通関業・梱包業,通関業・こん包業関連
0410001,交通・運輸・倉庫,交通･運輸･倉庫関連,人力車
0410999,交通・運輸・倉庫,交通･運輸･倉庫関連,交通･運輸･倉庫関連
0501001,医療・薬・保険衛生,医療機関,内科
0501002,医療・薬・保険衛生,医療機関,精神科
0501003,医療・薬・保険衛生,医療機関,神経科
0501004,医療・薬・保険衛生,医療機関,神経内科
0501005,医療・薬・保険衛生,医療機関,呼吸器科
0501006,医療・薬・保険衛生,医療機関,消化器科
0501007,医療・薬・保険衛生,医療機関,胃腸科
0501008,医療・薬・保険衛生,医療機関,循環器科
0501009,医療・薬・保険衛生,医療機関,小児科
0501010,医療・薬・保険衛生,医療機関,外科
0501011,医療・薬・保険衛生,医療機関,整形外科
0501012,医療・薬・保険衛生,医療機関,形成外科
0501013,医療・薬・保険衛生,医療機関,美容外科
0501014,医療・薬・保険衛生,医療機関,脳神経外科
0501015,医療・薬・保険衛生,医療機関,呼吸器外科
0501016,医療・薬・保険衛生,医療機関,心臓血管外科
0501017,医療・薬・保険衛生,医療機関,小児外科
0501018,医療・薬・保険衛生,医療機関,皮膚泌尿器科
0501019,医療・薬・保険衛生,医療機関,皮膚科
0501020,医療・薬・保険衛生,医療機関,泌尿器科
0501021,医療・薬・保険衛生,医療機関,性病科
0501022,医療・薬・保険衛生,医療機関,肛門科
0501023,医療・薬・保険衛生,医療機関,産婦人科
0501024,医療・薬・保険衛生,医療機関,産科
0501025,医療・薬・保険衛生,医療機関,婦人科
0501026,医療・薬・保険衛生,医療機関,眼科
0501027,医療・薬・保険衛生,医療機関,耳鼻咽喉科
0501028,医療・薬・保険衛生,医療機関,気管食道科
0501029,医療・薬・保険衛生,医療機関,放射線科
0501030,医療・薬・保険衛生,医療機関,麻酔科
0501031,医療・薬・保険衛生,医療機関,心療内科
0501032,医療・薬・保険衛生,医療機関,アレルギー科
0501033,医療・薬・保険衛生,医療機関,リウマチ科
0501034,医療・薬・保険衛生,医療機関,リハビリテーション科
0501035,医療・薬・保険衛生,医療機関,デイケア
0501036,医療・薬・保険衛生,医療機関,ドック
0501037,医療・薬・保険衛生,医療機関,ホスピス
0501228,医療・薬・保険衛生,医療機関,歯科
0501999,医療・薬・保険衛生,医療機関,医療機関関連
0502003,医療・薬・保険衛生,動物病院,動物病院
0502999,医療・薬・保険衛生,動物病院,動物病院関連
0503001,医療・薬・保険衛生,保健所・保健施設,保健所
0503999,医療・薬・保険衛生,保健所・保健施設,保健所・保健施設関連
0504002,医療・薬・保険衛生,マッサージ・鍼灸・各種療法,あん摩マッサージ指圧師
0504004,医療・薬・保険衛生,マッサージ・鍼灸・各種療法,カイロプラクティック・整体
0504007,医療・薬・保険衛生,マッサージ・鍼灸・各種療法,スポーツトレーナー
0504010,医療・薬・保険衛生,マッサージ・鍼灸・各種療法,はり師
0504011,医療・薬・保険衛生,マッサージ・鍼灸・各種療法,ヒーリング
0504016,医療・薬・保険衛生,マッサージ・鍼灸・各種療法,リフレクソロジー
0504021,医療・薬・保険衛生,マッサージ・鍼灸・各種療法,他療法
0504025,医療・薬・保険衛生,マッサージ・鍼灸・各種療法,心理・精神療法
0504031,医療・薬・保険衛生,マッサージ・鍼灸・各種療法,接骨・柔道整復
0504032,医療・薬・保険衛生,マッサージ・鍼灸・各種療法,電子・電気療法
0504999,医療・薬・保険衛生,マッサージ・鍼灸・各種療法,マッサージ・鍼灸・各種療法関連
0505002,医療・薬・保険衛生,薬局・薬店,漢方薬局
0505003,医療・薬・保険衛生,薬局・薬店,置き薬
0505004,医療・薬・保険衛生,薬局・薬店,薬局・調剤薬局
0505005,医療・薬・保険衛生,薬局・薬店,薬店
0505999,医療・薬・保険衛生,薬局・薬店,薬局・薬店関連
0506001,医療・薬・保険衛生,臨床検査,臨床検査サービス業
0506002,医療・薬・保険衛生,臨床検査,ＤＮＡ鑑定業
0506999,医療・薬・保険衛生,臨床検査,臨床検査関連
0507001,医療・薬・保険衛生,医療・薬・保険衛生関連,アイバンク
0507005,医療・薬・保険衛生,医療・薬・保険衛生関連,介護老人保健施設
0507006,医療・薬・保険衛生,医療・薬・保険衛生関連,血液センター
0507007,医療・薬・保険衛生,医療・薬・保険衛生関連,在宅介護サービス業
0507010,医療・薬・保険衛生,医療・薬・保険衛生関連,歯科技工所
0507011,医療・薬・保険衛生,医療・薬・保険衛生関連,助産所
0507015,医療・薬・保険衛生,医療・薬・保険衛生関連,腎臓バンク
0507999,医療・薬・保険衛生,医療・薬・保険衛生関連,医療・薬・保険衛生関連
0601001,不動産・賃貸・展示場,賃貸,マンション・アパート業
0601008,不動産・賃貸・展示場,賃貸,ウィークリーマンション賃貸業
0601014,不動産・賃貸・展示場,賃貸,学生アパート・マンション下宿
0601019,不動産・賃貸・展示場,賃貸,建物売買土地賃貸業
0601020,不動産・賃貸・展示場,賃貸,建物売買不動産取引業
0601021,不動産・賃貸・展示場,賃貸,貸ビル業
0601024,不動産・賃貸・展示場,賃貸,貸駐車場業
0601031,不動産・賃貸・展示場,賃貸,貸店舗貸事務所
0601033,不動産・賃貸・展示場,賃貸,不動産取引・貸家業
0601999,不動産・賃貸・展示場,賃貸,賃貸関連
0602001,不動産・賃貸・展示場,住宅,月極駐車場・分譲住宅
0602002,不動産・賃貸・展示場,住宅,建物売買・貸家業
0602003,不動産・賃貸・展示場,住宅,貸ビル・分譲住宅
0602004,不動産・賃貸・展示場,住宅,中古住宅売買業
0602005,不動産・賃貸・展示場,住宅,注文住宅販売業
0602006,不動産・賃貸・展示場,住宅,不動産取引・分譲住宅
0602999,不動産・賃貸・展示場,住宅,住宅関連
0603004,不動産・賃貸・展示場,不動産取引,建物売買業
0603009,不動産・賃貸・展示場,不動産取引,貸家業
0603010,不動産・賃貸・展示場,不動産取引,中古住宅売買・建物売買業
0603012,不動産・賃貸・展示場,不動産取引,土地賃貸業
0603015,不動産・賃貸・展示場,不動産取引,土地売買業
0603018,不動産・賃貸・展示場,不動産取引,土地分譲・不動産取引業
0603019,不動産・賃貸・展示場,不動産取引,内装工事・不動産取引業
0603021,不動産・賃貸・展示場,不動産取引,不動産取引業
0603024,不動産・賃貸・展示場,不動産取引,マンション分譲業
0603027,不動産・賃貸・展示場,不動産取引,分譲住宅不動産取引業
0603999,不動産・賃貸・展示場,不動産取引,不動産取引関連
0604001,不動産・賃貸・展示場,展示場,住宅展示場
0604999,不動産・賃貸・展示場,展示場,展示場関連
0605001,不動産・賃貸・展示場,不動産・賃貸・展示場関連,アパート業・トランクルーム業
0605002,不動産・賃貸・展示場,不動産・賃貸・展示場関連,建築工事・建売業
0605003,不動産・賃貸・展示場,不動産・賃貸・展示場関連,住宅展示場・月極駐車場
0605004,不動産・賃貸・展示場,不動産・賃貸・展示場関連,貸会議室
0605005,不動産・賃貸・展示場,不動産・賃貸・展示場関連,貸倉庫業
0605007,不動産・賃貸・展示場,不動産・賃貸・展示場関連,不動産管理業
0605999,不動産・賃貸・展示場,不動産・賃貸・展示場関連,不動産・賃貸・展示場関連
0701001,学校・趣味教室・図書館,大学・大学院,大学
0701002,学校・趣味教室・図書館,大学・大学院,短期大学
0701999,学校・趣味教室・図書館,大学・大学院,大学・大学院関連
0702001,学校・趣味教室・図書館,高校・高専,高等学校
0702002,学校・趣味教室・図書館,高校・高専,高等専修学校
0702003,学校・趣味教室・図書館,高校・高専,高等専門学校
0702999,学校・趣味教室・図書館,高校・高専,高校・高専関連
0703001,学校・趣味教室・図書館,中学校,中学校
0703002,学校・趣味教室・図書館,中学校,中等教育学校
0703999,学校・趣味教室・図書館,中学校,中学校関連
0704001,学校・趣味教室・図書館,小学校,小学校
0704999,学校・趣味教室・図書館,小学校,小学校関連
0705001,学校・趣味教室・図書館,幼稚園・保育園,保育園・保育所
0705002,学校・趣味教室・図書館,幼稚園・保育園,幼稚園
0705999,学校・趣味教室・図書館,幼稚園・保育園,幼稚園・保育園関連
0706008,学校・趣味教室・図書館,専修学校,各種学校（文化・教養）
0706009,学校・趣味教室・図書館,専修学校,専修・専門学校
0706999,学校・趣味教室・図書館,専修学校,専修･専門学校関連
0707001,学校・趣味教室・図書館,塾・予備校,家庭教師
0707003,学校・趣味教室・図書館,塾・予備校,学習塾
0707005,学校・趣味教室・図書館,塾・予備校,予備校
0707006,学校・趣味教室・図書館,塾・予備校,幼児教室
0707999,学校・趣味教室・図書館,塾・予備校,塾・予備校関連
0708001,学校・趣味教室・図書館,語学スクール,イタリア語教室
0708003,学校・趣味教室・図書館,語学スクール,スペイン語教室
0708005,学校・趣味教室・図書館,語学スクール,ロシア語教室
0708008,学校・趣味教室・図書館,語学スクール,ドイツ語教室
0708009,学校・趣味教室・図書館,語学スクール,英語・各種教室
0708013,学校・趣味教室・図書館,語学スクール,フランス語教室
0708014,学校・趣味教室・図書館,語学スクール,タイ語教室
0708019,学校・趣味教室・図書館,語学スクール,英語教室
0708021,学校・趣味教室・図書館,語学スクール,韓国語教室
0708023,学校・趣味教室・図書館,語学スクール,日本語教師養成教室
0708024,学校・趣味教室・図書館,語学スクール,中国語教室
0708025,学校・趣味教室・図書館,語学スクール,ポルトガル語教室
0708029,学校・趣味教室・図書館,語学スクール,幼児英語教室
0708999,学校・趣味教室・図書館,語学スクール,語学教室関連
0709007,学校・趣味教室・図書館,カルチャースクール,カルチャーセンター
0709018,学校・趣味教室・図書館,カルチャースクール,スポーツ教室
0709019,学校・趣味教室・図書館,カルチャースクール,そろばん教室
0709023,学校・趣味教室・図書館,カルチャースクール,ダンス教室
0709032,学校・趣味教室・図書館,カルチャースクール,パソコン・ワープロ教室
0709035,学校・趣味教室・図書館,カルチャースクール,バレエ教室
0709055,学校・趣味教室・図書館,カルチャースクール,将棋・囲碁教室
0709057,学校・趣味教室・図書館,カルチャースクール,音楽教室
0709062,学校・趣味教室・図書館,カルチャースクール,華道教室
0709065,学校・趣味教室・図書館,カルチャースクール,各種教室（趣味）
0709086,学校・趣味教室・図書館,カルチャースクール,書道教室
0709092,学校・趣味教室・図書館,カルチャースクール,乗馬教室
0709100,学校・趣味教室・図書館,カルチャースクール,茶道教室
0709110,学校・趣味教室・図書館,カルチャースクール,舞踊教室
0709117,学校・趣味教室・図書館,カルチャースクール,幼児教室・各種教室
0709119,学校・趣味教室・図書館,カルチャースクール,洋裁・和裁教室
0709121,学校・趣味教室・図書館,カルチャースクール,料理教室
0709999,学校・趣味教室・図書館,カルチャースクール,カルチャースクール関連
0710001,学校・趣味教室・図書館,図書館,図書館
0710999,学校・趣味教室・図書館,図書館,図書館関連
0711001,学校・趣味教室・図書館,教材,学校教材関連
0711005,学校・趣味教室・図書館,教材,幼児教材関連
0711999,学校・趣味教室・図書館,教材,教材関連
0712001,学校・趣味教室・図書館,学校・教室関連,ろう学校
0712002,学校・趣味教室・図書館,学校・教室関連,盲学校
0712003,学校・趣味教室・図書館,学校・教室関連,養護学校
0712004,学校・趣味教室・図書館,学校・教室関連,学童保育所
0712005,学校・趣味教室・図書館,学校・教室関連,マッサージ（あんま）指圧・はり・きゅう学校
0712006,学校・趣味教室・図書館,学校・教室関連,インターナショナルスクール
0712007,学校・趣味教室・図書館,学校・教室関連,コンピュータースクール
0712008,学校・趣味教室・図書館,学校・教室関連,スポーツマネジメント学校
0712014,学校・趣味教室・図書館,学校・教室関連,医療学校
0712015,学校・趣味教室・図書館,学校・教室関連,通信教育
0712016,学校・趣味教室・図書館,学校・教室関連,各種スクール・教室
0712017,学校・趣味教室・図書館,学校・教室関連,各種スクール・教室（ビジネス）
0712021,学校・趣味教室・図書館,学校・教室関連,各種学校
0712999,学校・趣味教室・図書館,学校・教室関連,学校・教室関連
0715001,学校・趣味教室・図書館,美術館・博物館・科学館・資料館,美術館
0715011,学校・趣味教室・図書館,美術館・博物館・科学館・資料館,博物館
0715013,学校・趣味教室・図書館,美術館・博物館・科学館・資料館,科学館
0715017,学校・趣味教室・図書館,美術館・博物館・科学館・資料館,天文台
0715018,学校・趣味教室・図書館,美術館・博物館・科学館・資料館,資料館
0715999,学校・趣味教室・図書館,美術館・博物館・科学館・資料館,美術館・博物館・科学館・資料館関連
0716001,学校・趣味教室・図書館,動物園・植物園,動物園
0716002,学校・趣味教室・図書館,動物園・植物園,サファリパーク
0716008,学校・趣味教室・図書館,動物園・植物園,水族館
0716021,学校・趣味教室・図書館,動物園・植物園,植物園
0716999,学校・趣味教室・図書館,動物園・植物園,動物園・植物園関連
0717005,学校・趣味教室・図書館,教育文化施設関連,会館・ホール
0717009,学校・趣味教室・図書館,教育文化施設関連,研修センター
0717011,学校・趣味教室・図書館,教育文化施設関連,公会堂
0717013,学校・趣味教室・図書館,教育文化施設関連,公民館
0717014,学校・趣味教室・図書館,教育文化施設関連,市民会館
0717016,学校・趣味教室・図書館,教育文化施設関連,児童館
0717999,学校・趣味教室・図書館,教育文化施設関連,教育文化施設関連
0801001,旅行・観光・温泉・旅館・ホテル,ホテル,カプセルホテル
0801002,旅行・観光・温泉・旅館・ホテル,ホテル,ビジネスホテル
0801003,旅行・観光・温泉・旅館・ホテル,ホテル,ホテル
0801999,旅行・観光・温泉・旅館・ホテル,ホテル,ホテル関連
0802001,旅行・観光・温泉・旅館・ホテル,旅館・温泉,ビジネス旅館
0802003,旅行・観光・温泉・旅館・ホテル,旅館・温泉,温泉旅館
0802004,旅行・観光・温泉・旅館・ホテル,旅館・温泉,割烹旅館
0802007,旅行・観光・温泉・旅館・ホテル,旅館・温泉,旅館
0802999,旅行・観光・温泉・旅館・ホテル,旅館・温泉,旅館・温泉関連
0803001,旅行・観光・温泉・旅館・ホテル,ペンション・民宿,コテージ
0803002,旅行・観光・温泉・旅館・ホテル,ペンション・民宿,ペンション
0803004,旅行・観光・温泉・旅館・ホテル,ペンション・民宿,宿坊
0803006,旅行・観光・温泉・旅館・ホテル,ペンション・民宿,民宿
0803999,旅行・観光・温泉・旅館・ホテル,ペンション・民宿,ペンション・民宿関連
0804001,旅行・観光・温泉・旅館・ホテル,モーテル・ラブホテル,モーテル
0804002,旅行・観光・温泉・旅館・ホテル,モーテル・ラブホテル,ラブホテル
0804999,旅行・観光・温泉・旅館・ホテル,モーテル・ラブホテル,モーテル・ラブホテル関連
0805002,旅行・観光・温泉・旅館・ホテル,保養所・公共宿舎,ロッジ
0805003,旅行・観光・温泉・旅館・ホテル,保養所・公共宿舎,海の家
0805004,旅行・観光・温泉・旅館・ホテル,保養所・公共宿舎,簡保の宿
0805005,旅行・観光・温泉・旅館・ホテル,保養所・公共宿舎,公共の宿
0805007,旅行・観光・温泉・旅館・ホテル,保養所・公共宿舎,国民宿舎
0805011,旅行・観光・温泉・旅館・ホテル,保養所・公共宿舎,保養施設
0805999,旅行・観光・温泉・旅館・ホテル,保養所・公共宿舎,保養所・公共宿舎関連
0806004,旅行・観光・温泉・旅館・ホテル,旅行代理店・宿泊施設予約センター,旅行業
0806005,旅行・観光・温泉・旅館・ホテル,旅行代理店・宿泊施設予約センター,旅行業者代理業
0806006,旅行・観光・温泉・旅館・ホテル,旅行代理店・宿泊施設予約センター,宿泊案内所
0806007,旅行・観光・温泉・旅館・ホテル,旅行代理店・宿泊施設予約センター,宿泊予約
0806999,旅行・観光・温泉・旅館・ホテル,旅行代理店・宿泊施設予約センター,旅行代理店・宿泊施設予約センター関連
0808001,旅行・観光・温泉・旅館・ホテル,コンドミニアム,コンドミニアム
0808002,旅行・観光・温泉・旅館・ホテル,コンドミニアム,貸別荘
0808999,旅行・観光・温泉・旅館・ホテル,コンドミニアム,コンドミニアム関連
0809001,旅行・観光・温泉・旅館・ホテル,観光関連,アウトドアツアーガイド
0809004,旅行・観光・温泉・旅館・ホテル,観光関連,観光案内業
0809999,旅行・観光・温泉・旅館・ホテル,観光関連,観光関連
0901001,飲食店,割烹・料亭・懐石,懐石料理店
0901002,飲食店,割烹・料亭・懐石,割ぽう料理店
0901004,飲食店,割烹・料亭・懐石,料亭
0901999,飲食店,割烹・料亭・懐石,割烹・料亭・懐石関連
0902001,飲食店,寿司,すし店
0902002,飲食店,寿司,回転ずし
0902999,飲食店,寿司,寿司関連
0903002,飲食店,焼肉,焼肉店
0903999,飲食店,焼肉,焼肉関連
0904001,飲食店,焼き鳥・炉端焼き,ろばた焼店
0904002,飲食店,焼き鳥・炉端焼き,焼鳥店
0904999,飲食店,焼き鳥・炉端焼き,焼き鳥・炉端焼き関連
0905002,飲食店,そば・うどん,うどん店
0905004,飲食店,そば・うどん,そば店
0905011,飲食店,そば・うどん,立ち食いそば店
0905999,飲食店,そば・うどん,そば・うどん店関連
0906003,飲食店,日本料理,うなぎ料理店
0906005,飲食店,日本料理,おでん料理店
0906006,飲食店,日本料理,お好み焼き店
0906008,飲食店,日本料理,かつ丼店
0906012,飲食店,日本料理,しゃぶしゃぶ料理店
0906013,飲食店,日本料理,すきやき料理店
0906014,飲食店,日本料理,すっぽん料理店
0906017,飲食店,日本料理,ちゃんこ料理店
0906019,飲食店,日本料理,てんぷら料理店
0906022,飲食店,日本料理,とんかつ店
0906024,飲食店,日本料理,ふぐ料理店
0906028,飲食店,日本料理,モツ鍋店
0906029,飲食店,日本料理,もんじゃ焼き店
0906035,飲食店,日本料理,甘味処
0906037,飲食店,日本料理,牛丼店
0906040,飲食店,日本料理,郷土料理店
0906043,飲食店,日本料理,串揚げ料理店
0906049,飲食店,日本料理,食堂
0906055,飲食店,日本料理,鉄板焼店
0906059,飲食店,日本料理,日本料理店
0906062,飲食店,日本料理,和食レストラン
0906999,飲食店,日本料理,日本料理店関連
0907020,飲食店,ラーメン,ラーメン店
0907999,飲食店,ラーメン,ラーメン店関連
0908008,飲食店,中華料理,中国料理店
0908012,飲食店,中華料理,餃子店
0908999,飲食店,中華料理,中華料理店関連
0909001,飲食店,フランス料理,ビストロ
0909002,飲食店,フランス料理,ブラッスリー
0909003,飲食店,フランス料理,フランス料理店
0909999,飲食店,フランス料理,フランス料理店関連
0910001,飲食店,イタリア料理,イタリア料理店
0910999,飲食店,イタリア料理,イタリア料理店関連
0911003,飲食店,韓国料理,韓国料理店
0911004,飲食店,韓国料理,朝鮮料理店
0911999,飲食店,韓国料理,韓国料理店関連
0912026,飲食店,各国料理,無国籍料理店
0912999,飲食店,各国料理,各国料理店関連
0913004,飲食店,レストラン関連,カレー料理店
0913007,飲食店,レストラン関連,ドライブイン
0913010,飲食店,レストラン関連,ピザ店
0913015,飲食店,レストラン関連,レストラン
0913024,飲食店,レストラン関連,洋食店
0913999,飲食店,レストラン関連,レストラン関連
0914001,飲食店,ファーストフード,アイスクリームショップ
0914002,飲食店,ファーストフード,クレープショップ
0914003,飲食店,ファーストフード,ドーナツショップ
0914004,飲食店,ファーストフード,ハンバーガー店
0914005,飲食店,ファーストフード,ファーストフード店
0914006,飲食店,ファーストフード,フルーツパーラー
0914999,飲食店,ファーストフード,ファーストフード関連
0915001,飲食店,ファミリーレストラン,ファミリーレストラン
0915999,飲食店,ファミリーレストラン,ファミリーレストラン関連
0916003,飲食店,仕出し・弁当・宅配,持帰り弁当業
0916005,飲食店,仕出し・弁当・宅配,宅配ピザ業
0916009,飲食店,仕出し・弁当・宅配,弁当製造業
0916010,飲食店,仕出し・弁当・宅配,料理仕出し業
0916999,飲食店,仕出し・弁当・宅配,仕出し・弁当・宅配関連
0917002,飲食店,居酒屋・スナック・バー,カフェバー
0917007,飲食店,居酒屋・スナック・バー,バー
0917015,飲食店,居酒屋・スナック・バー,居酒屋
0917999,飲食店,居酒屋・スナック・バー,居酒屋・スナック・バー関連
0918001,飲食店,喫茶店・カフェ,インターネットカフェ
0918003,飲食店,喫茶店・カフェ,和風喫茶店
0918004,飲食店,喫茶店・カフェ,カフェ
0918005,飲食店,喫茶店・カフェ,カラオケ喫茶
0918008,飲食店,喫茶店・カフェ,まんが喫茶
0918010,飲食店,喫茶店・カフェ,喫茶店
0918014,飲食店,喫茶店・カフェ,ケーキショップ
0918016,飲食店,喫茶店・カフェ,コーヒー専門店
0918017,飲食店,喫茶店・カフェ,紅茶専門店
0918018,飲食店,喫茶店・カフェ,中国茶専門店
0918999,飲食店,喫茶店・カフェ,喫茶店・カフェ関連
0919999,飲食店,飲食店関連,飲食店関連
1303005,その他サービス,浴場・サウナ・風俗店,ソープランド業
